# Blender 5.2.0 LTS
# www.blender.org
mtllib suzane.mtl
o Suzanne
v 0.000000 0.735243 0.434028
v -0.000000 0.803030 0.353456
v 0.000000 0.736979 -0.654080
v 0.000000 0.778646 -0.301649
v 0.000000 0.789497 -0.171441
v 0.000000 0.713108 -0.762153
v -0.000000 0.623264 0.448061
v -0.000000 0.532907 0.566604
v 0.000000 -0.474392 0.839844
v 0.000000 -0.745660 0.506076
v 0.000000 -0.753906 0.100260
v 0.000000 -0.289931 -0.342448
v -0.235026 0.580946 -0.174045
v 0.235026 0.580946 -0.174045
v -0.281033 0.564236 -0.444878
v 0.281033 0.564236 -0.444879
v -0.315104 0.555773 -0.654948
v 0.315104 0.555773 -0.654948
v -0.329861 0.532552 -0.832465
v 0.329861 0.532552 -0.832465
v -0.293620 0.526693 -0.924479
v 0.293620 0.526693 -0.924479
v -0.168403 0.547092 -0.957465
v 0.168403 0.547092 -0.957465
v -0.000000 0.562066 -0.970486
v -0.423177 0.550564 -0.109375
v 0.423177 0.550564 -0.109375
v -0.622179 0.522352 -0.004123
v 0.622179 0.522352 -0.004123
v -0.777127 0.492188 0.173394
v 0.777127 0.492188 0.173394
v -0.803603 0.567925 0.382378
v 0.803603 0.567925 0.382378
v -0.686415 0.624132 0.478516
v 0.686415 0.624132 0.478516
v -0.491753 0.680339 0.588759
v 0.491754 0.680339 0.588759
v -0.323134 0.724175 0.697266
v 0.323134 0.724175 0.697266
v -0.180122 0.745009 0.662326
v 0.180122 0.745009 0.662326
v -0.079644 0.741754 0.501953
v 0.079644 0.741754 0.501953
v -0.167535 0.783203 0.406250
v 0.167535 0.783203 0.406250
v -0.121962 0.776476 0.311198
v 0.121962 0.776476 0.311198
v -0.215929 0.749349 0.065972
v 0.215929 0.749349 0.065972
v -0.370009 0.708333 0.030599
v 0.370009 0.708333 0.030599
v -0.509115 0.672960 0.079210
v 0.509115 0.672960 0.079210
v -0.615885 0.651910 0.190321
v 0.615885 0.651910 0.190321
v -0.639540 0.658420 0.300564
v 0.639540 0.658420 0.300564
v -0.585938 0.685981 0.378038
v 0.585938 0.685981 0.378038
v -0.442491 0.733941 0.445096
v 0.442491 0.733941 0.445096
v -0.245443 0.775174 0.474826
v 0.245443 0.775174 0.474826
v 0.000000 0.732205 -0.740885
v -0.113750 0.722500 -0.745313
v 0.113750 0.722500 -0.745313
v -0.123481 0.699436 -0.835504
v 0.123481 0.699436 -0.835503
v -0.073351 0.685330 -0.882596
v 0.073351 0.685330 -0.882596
v 0.000000 0.680990 -0.894097
v 0.000000 0.765625 -0.167411
v 0.000000 0.751421 -0.131629
v -0.094401 0.756511 -0.148003
v 0.094401 0.756510 -0.148003
v -0.123481 0.751519 -0.224175
v 0.123481 0.751519 -0.224175
v -0.091250 0.744844 -0.305000
v 0.091250 0.744844 -0.305000
v -0.392361 0.665365 -0.041884
v 0.392361 0.665365 -0.041884
v -0.587240 0.618490 0.050130
v 0.587240 0.618490 0.050130
v -0.708333 0.599392 0.196181
v 0.708333 0.599392 0.196181
v -0.730469 0.643446 0.349175
v 0.730469 0.643446 0.349175
v -0.649740 0.701172 0.430990
v 0.649740 0.701172 0.430990
v -0.462457 0.760851 0.533854
v 0.462457 0.760851 0.533854
v -0.319010 0.799913 0.613064
v 0.319010 0.799913 0.613064
v -0.205729 0.816840 0.584635
v 0.205729 0.816840 0.584635
v -0.107639 0.814019 0.452691
v 0.107639 0.814019 0.452691
v -0.153291 0.756155 -0.093868
v 0.153291 0.756155 -0.093868
v -0.207465 0.690321 -0.463976
v 0.207465 0.690321 -0.463976
v -0.240234 0.675130 -0.675998
v 0.240234 0.675130 -0.675998
v -0.250217 0.652995 -0.810981
v 0.250217 0.652995 -0.810981
v -0.221354 0.632379 -0.894748
v 0.221354 0.632378 -0.894748
v -0.138238 0.631076 -0.927083
v 0.138238 0.631076 -0.927083
v -0.000000 0.635417 -0.937934
v -0.000000 0.745028 0.039299
v 0.000000 0.764757 0.209635
v -0.330512 0.759766 0.486545
v 0.330512 0.759766 0.486545
v -0.145616 0.753906 0.131076
v 0.145616 0.753906 0.131076
v -0.120443 0.763238 0.214627
v 0.120443 0.763238 0.214627
v -0.113932 0.728733 -0.657335
v 0.113932 0.728733 -0.657335
v -0.092665 0.739583 -0.461589
v 0.092665 0.739583 -0.461589
v 0.000000 0.746094 -0.463108
v 0.000000 0.750000 -0.335070
v -0.081163 0.781250 -0.271918
v 0.081163 0.781250 -0.271918
v -0.117622 0.789280 -0.219618
v 0.117622 0.789280 -0.219618
v -0.097222 0.782335 -0.152561
v 0.097222 0.782335 -0.152561
v -0.040148 0.782335 -0.142795
v 0.040148 0.782335 -0.142795
v -0.000000 0.820313 -0.201231
v -0.048828 0.808594 -0.159180
v 0.048828 0.808594 -0.159180
v -0.086589 0.808594 -0.166341
v 0.086589 0.808594 -0.166341
v -0.089410 0.816623 -0.217014
v 0.089410 0.816623 -0.217014
v -0.068685 0.804362 -0.256510
v 0.068685 0.804362 -0.256510
v 0.000000 0.804688 -0.269965
v -0.242405 0.562066 -0.316406
v 0.242405 0.562066 -0.316406
v -0.164714 0.702474 -0.232639
v 0.164714 0.702474 -0.232639
v -0.180556 0.690972 -0.319879
v 0.180556 0.690972 -0.319879
v -0.217231 0.569878 -0.242839
v 0.217231 0.569879 -0.242839
v 0.000000 0.678819 -0.872396
v -0.049262 0.682726 -0.860894
v 0.049262 0.682726 -0.860894
v -0.089410 0.699002 -0.815538
v 0.089410 0.699002 -0.815538
v -0.080512 0.713325 -0.758898
v 0.080512 0.713325 -0.758898
v 0.000000 0.664931 -0.783854
v -0.072483 0.665509 -0.777995
v 0.072483 0.665509 -0.777995
v -0.083333 0.660699 -0.808919
v 0.083333 0.660699 -0.808919
v -0.051649 0.647931 -0.835069
v 0.051649 0.647931 -0.835069
v 0.000000 0.646267 -0.845052
v -0.172743 0.771484 0.221571
v 0.172743 0.771484 0.221571
v -0.189887 0.767578 0.158854
v 0.189887 0.767578 0.158854
v -0.338542 0.757595 0.427300
v 0.338542 0.757596 0.427300
v -0.270833 0.768012 0.419271
v 0.270833 0.768012 0.419271
v -0.430990 0.747179 0.400174
v 0.430990 0.747179 0.400174
v -0.544488 0.698134 0.350694
v 0.544488 0.698134 0.350695
v -0.583984 0.679036 0.284288
v 0.583984 0.679036 0.284288
v -0.564887 0.679905 0.195530
v 0.564887 0.679905 0.195530
v -0.476997 0.706597 0.107639
v 0.476997 0.706597 0.107639
v -0.366971 0.735243 0.073568
v 0.366971 0.735243 0.073568
v -0.243707 0.763672 0.108724
v 0.243707 0.763672 0.108724
v -0.178168 0.774523 0.298394
v 0.178168 0.774523 0.298394
v -0.212023 0.774740 0.373264
v 0.212023 0.774740 0.373264
v -0.235677 0.759115 0.355469
v 0.235677 0.759115 0.355469
v -0.201823 0.756510 0.295573
v 0.201823 0.756510 0.295573
v -0.257813 0.751302 0.126302
v 0.257813 0.751302 0.126302
v -0.367188 0.727865 0.097656
v 0.367188 0.727865 0.097656
v -0.460938 0.701823 0.127604
v 0.460938 0.701823 0.127604
v -0.533854 0.677083 0.207031
v 0.533854 0.677083 0.207031
v -0.549479 0.673177 0.278646
v 0.549479 0.673177 0.278646
v -0.515625 0.690104 0.335938
v 0.515625 0.690104 0.335938
v -0.420573 0.738281 0.384115
v 0.420573 0.738281 0.384115
v -0.282552 0.761719 0.393229
v 0.282552 0.761719 0.393229
v -0.339844 0.752604 0.402344
v 0.339844 0.752604 0.402344
v -0.208333 0.751302 0.173177
v 0.208333 0.751302 0.173177
v -0.196615 0.751302 0.229167
v 0.196615 0.751302 0.229167
v -0.133854 0.614531 0.502240
v 0.133854 0.614531 0.502240
v -0.209635 0.643229 0.635417
v 0.209635 0.643229 0.635417
v -0.324219 0.625977 0.661458
v 0.324219 0.625977 0.661458
v -0.445625 0.558906 0.554063
v 0.445625 0.558906 0.554063
v -0.664279 0.489149 0.466797
v 0.664280 0.489149 0.466797
v -0.775825 0.443576 0.378689
v 0.775825 0.443576 0.378689
v -0.767795 0.362196 0.181424
v 0.767795 0.362196 0.181424
v -0.623915 0.378255 0.000217
v 0.623915 0.378255 0.000217
v -0.408958 0.440990 -0.118125
v 0.408958 0.440990 -0.118125
v 0.000000 0.255208 0.842014
v 0.000000 -0.087240 0.939236
v 0.000000 -0.601128 -0.168837
v 0.000000 0.111545 -0.428385
v -0.000000 0.455729 -0.938802
v -0.000000 0.365451 -0.780382
v -0.000000 0.326389 -0.581597
v -0.000000 0.267795 -0.473524
v -0.803385 0.131727 0.224826
v 0.803385 0.131727 0.224826
v -0.825469 -0.050000 0.292500
v 0.825469 -0.050000 0.292500
v -0.757500 -0.409063 0.290469
v 0.757500 -0.409063 0.290469
v -0.392361 -0.654297 0.442274
v 0.392361 -0.654297 0.442274
v -0.685938 0.074063 -0.025000
v 0.685938 0.074063 -0.025000
v -0.625313 -0.170000 -0.102500
v 0.625313 -0.170000 -0.102500
v -0.652561 -0.391276 0.011285
v 0.652561 -0.391276 0.011285
v -0.320457 -0.660735 0.085503
v 0.320457 -0.660735 0.085503
v -0.237196 0.409505 -0.391493
v 0.237196 0.409505 -0.391493
v -0.156250 0.286024 -0.430556
v 0.156250 0.286024 -0.430556
v -0.276042 0.410156 -0.743056
v 0.276042 0.410156 -0.743056
v -0.250000 0.412543 -0.546875
v 0.250000 0.412543 -0.546875
v -0.281901 0.433919 -0.885417
v 0.281901 0.433919 -0.885417
v -0.142795 0.376085 -0.752387
v 0.142795 0.376085 -0.752387
v -0.133464 0.347439 -0.554036
v 0.133464 0.347439 -0.554036
v -0.162109 0.443142 -0.917752
v 0.162109 0.443142 -0.917752
v -0.243854 0.396198 -0.286406
v 0.243854 0.396198 -0.286406
v -0.247251 0.473814 -0.212457
v 0.247251 0.473814 -0.212457
v -0.257921 0.502713 -0.172201
v 0.257921 0.502713 -0.172201
v -0.212448 0.150104 -0.360469
v 0.212448 0.150104 -0.360469
v -0.266059 -0.246745 -0.285373
v 0.266059 -0.246745 -0.285373
v -0.299624 -0.533131 -0.128472
v 0.299624 -0.533131 -0.128472
v -0.409071 -0.413845 0.785590
v 0.409071 -0.413846 0.785590
v -0.408854 -0.096137 0.885200
v 0.408854 -0.096137 0.885200
v -0.409505 0.198351 0.794488
v 0.409505 0.198351 0.794488
v -0.419054 0.413411 0.572483
v 0.419054 0.413411 0.572483
v -0.746962 0.276042 0.410156
v 0.746962 0.276042 0.410156
v -0.630208 0.309028 0.499132
v 0.630208 0.309028 0.499132
v -0.632813 0.089844 0.672092
v 0.632813 0.089844 0.672092
v -0.771918 0.078993 0.526476
v 0.771918 0.078993 0.526476
v -0.774523 -0.146701 0.571181
v 0.774523 -0.146701 0.571181
v -0.635417 -0.161675 0.737196
v 0.635417 -0.161675 0.737196
v -0.632378 -0.404080 0.640625
v 0.632378 -0.404080 0.640625
v -0.753906 -0.342448 0.521159
v 0.753906 -0.342448 0.521159
v -0.598307 -0.548394 0.342448
v 0.598307 -0.548394 0.342448
v -0.481823 -0.510885 0.019062
v 0.481823 -0.510885 0.019063
v -0.826719 -0.206250 0.356875
v 0.826719 -0.206250 0.356875
v -0.405260 0.161979 -0.185469
v 0.405260 0.161979 -0.185469
v -0.442491 -0.206163 -0.168403
v 0.442491 -0.206163 -0.168403
v -0.900174 -0.267795 0.391493
v 0.900174 -0.267795 0.391493
v -0.800130 -0.200304 -0.113715
v 0.800130 -0.200304 -0.113715
v -1.035156 -0.334852 -0.070313
v 1.035156 -0.334852 -0.070313
v -1.246094 -0.425781 0.076172
v 1.246094 -0.425781 0.076172
v -1.310547 -0.434896 0.298828
v 1.310547 -0.434896 0.298828
v -1.213108 -0.419922 0.454861
v 1.213108 -0.419922 0.454861
v -1.034722 -0.340495 0.453776
v 1.034722 -0.340495 0.453776
v -1.031033 -0.309245 0.407552
v 1.031033 -0.309245 0.407552
v -1.177300 -0.389106 0.407552
v 1.177300 -0.389106 0.407552
v -1.251736 -0.413628 0.277344
v 1.251736 -0.413628 0.277344
v -1.197266 -0.400174 0.092014
v 1.197266 -0.400174 0.092014
v -1.030382 -0.306207 -0.028212
v 1.030382 -0.306207 -0.028212
v -0.843316 -0.180773 -0.063151
v 0.843316 -0.180773 -0.063151
v -0.924696 -0.242622 0.355469
v 0.924696 -0.242622 0.355469
v -0.946398 -0.294705 0.307726
v 0.946398 -0.294705 0.307726
v -0.888455 -0.243056 -0.023872
v 0.888455 -0.243056 -0.023872
v -1.037543 -0.352648 0.005642
v 1.037543 -0.352648 0.005642
v -1.177300 -0.432292 0.101345
v 1.177300 -0.432292 0.101345
v -1.224392 -0.444879 0.246745
v 1.224393 -0.444878 0.246745
v -1.162760 -0.425564 0.347873
v 1.162760 -0.425564 0.347873
v -1.036458 -0.358507 0.348741
v 1.036458 -0.358507 0.348741
v -0.854167 -0.217014 0.287760
v 0.854167 -0.217014 0.287760
v -0.826389 -0.269314 0.173611
v 0.826389 -0.269314 0.173611
v -0.777778 -0.269965 0.098090
v 0.777778 -0.269965 0.098090
v -0.809896 -0.281576 0.069661
v 0.809896 -0.281576 0.069661
v -0.817491 -0.268880 0.024523
v 0.817491 -0.268880 0.024523
v -0.814236 -0.255208 -0.013021
v 0.814236 -0.255208 -0.013021
v -0.742043 -0.081453 0.040943
v 0.742043 -0.081453 0.040943
v -0.732865 -0.165833 -0.029271
v 0.732865 -0.165833 -0.029271
v -0.747865 -0.193958 0.054010
v 0.747865 -0.193958 0.054010
v -0.804905 -0.196181 0.199870
v 0.804905 -0.196181 0.199870
v -0.884115 -0.269965 0.247179
v 0.884115 -0.269965 0.247179
v -0.903646 -0.319878 0.224175
v 0.903646 -0.319878 0.224175
v -0.840169 -0.297526 -0.006185
v 0.840169 -0.297526 -0.006185
v -0.853299 -0.312934 0.027127
v 0.853299 -0.312934 0.027127
v -0.831814 -0.313802 0.078125
v 0.831814 -0.313802 0.078125
v -0.798177 -0.308919 0.107747
v 0.798177 -0.308919 0.107747
v -0.846354 -0.314019 0.160373
v 0.846354 -0.314019 0.160373
v -1.051722 -0.401910 0.318432
v 1.051722 -0.401910 0.318432
v -1.158059 -0.453125 0.317564
v 1.158059 -0.453125 0.317564
v -1.210938 -0.465278 0.231988
v 1.210938 -0.465278 0.231988
v -1.165148 -0.452474 0.112630
v 1.165148 -0.452474 0.112630
v -1.037326 -0.390625 0.030599
v 1.037326 -0.390625 0.030599
v -0.904080 -0.298177 -0.000868
v 0.904080 -0.298177 -0.000868
v -0.965929 -0.346137 0.279514
v 0.965929 -0.346137 0.279514
v -0.889974 -0.330295 0.115451
v 0.889974 -0.330295 0.115451
v -0.920790 -0.330946 0.060330
v 0.920790 -0.330946 0.060330
v -1.000000 -0.369358 0.113932
v 1.000000 -0.369358 0.113932
v -0.954210 -0.349175 0.174262
v 0.954210 -0.349175 0.174262
v -1.014106 -0.371311 0.231554
v 1.014106 -0.371311 0.231554
v -1.071398 -0.395833 0.175347
v 1.071398 -0.395833 0.175347
v -1.124674 -0.413411 0.223958
v 1.124675 -0.413411 0.223958
v -1.087529 -0.404297 0.274378
v 1.087529 -0.404297 0.274378
v -1.035807 -0.450087 0.355903
v 1.035807 -0.450087 0.355903
v -1.235388 -0.507017 0.379774
v 1.235388 -0.507017 0.379774
v -1.324436 -0.494900 0.286784
v 1.324436 -0.494900 0.286784
v -1.263166 -0.503762 0.131727
v 1.263166 -0.503762 0.131727
v -1.040148 -0.445747 0.012587
v 1.040148 -0.445747 0.012587
v -0.814019 -0.343967 -0.025825
v 0.814019 -0.343967 -0.025825
v -0.866103 -0.375000 0.299262
v 0.866102 -0.375000 0.299262
v -0.086480 0.557590 -0.966580
v -0.159424 0.592584 -0.946994
v -0.073432 0.633898 -0.934788
v 0.000000 0.602810 -0.958279
v 0.073432 0.633898 -0.934787
v 0.159424 0.592584 -0.946994
v 0.086480 0.557590 -0.966580
v -0.240370 0.535102 -0.945204
v -0.266032 0.582872 -0.917833
v -0.187527 0.629612 -0.915717
v 0.187527 0.629612 -0.915717
v 0.266032 0.582872 -0.917833
v 0.240370 0.535102 -0.945204
v -0.321587 0.525960 -0.888563
v -0.303467 0.597900 -0.836779
v -0.241564 0.641141 -0.858724
v 0.241564 0.641140 -0.858724
v 0.303467 0.597901 -0.836779
v 0.321588 0.525960 -0.888563
v -0.326226 0.544244 -0.753310
v -0.292074 0.623101 -0.678087
v -0.249295 0.664551 -0.753744
v 0.249295 0.664551 -0.753744
v 0.292074 0.623101 -0.678087
v 0.326226 0.544244 -0.753310
v -0.299615 0.562364 -0.545682
v -0.256863 0.634847 -0.460775
v -0.224908 0.684353 -0.571208
v 0.224908 0.684353 -0.571208
v 0.256863 0.634847 -0.460775
v 0.299615 0.562364 -0.545682
v -0.208736 0.665062 -0.149290
v -0.315186 0.568197 -0.143338
v -0.409559 0.611464 -0.082872
v -0.276213 0.707379 -0.067246
v 0.276213 0.707379 -0.067246
v 0.409559 0.611464 -0.082872
v 0.315186 0.568197 -0.143338
v 0.208736 0.665062 -0.149291
v -0.526666 0.537923 -0.064480
v -0.613091 0.574246 0.019911
v -0.497450 0.637533 -0.003364
v 0.497450 0.637533 -0.003364
v 0.613091 0.574246 0.019911
v 0.526666 0.537923 -0.064480
v -0.710070 0.498888 0.074870
v -0.752577 0.549045 0.185357
v -0.659017 0.602919 0.117703
v 0.659017 0.602919 0.117703
v 0.752577 0.549045 0.185357
v 0.710070 0.498888 0.074870
v -0.809408 0.523139 0.285780
v -0.776720 0.613824 0.370741
v -0.731608 0.615804 0.279107
v 0.731608 0.615804 0.279107
v 0.776720 0.613824 0.370741
v 0.809408 0.523139 0.285780
v -0.760471 0.599691 0.439155
v -0.674832 0.674452 0.460368
v -0.705729 0.671983 0.393907
v 0.705729 0.671983 0.393907
v 0.674832 0.674452 0.460368
v 0.760471 0.599691 0.439155
v -0.591119 0.651828 0.527941
v -0.478651 0.733860 0.570991
v -0.559923 0.732069 0.479492
v 0.559923 0.732069 0.479492
v 0.478651 0.733860 0.570991
v 0.591119 0.651828 0.527941
v -0.403130 0.704861 0.652452
v -0.319038 0.776449 0.668674
v -0.383328 0.783474 0.582330
v 0.383328 0.783474 0.582330
v 0.319038 0.776449 0.668674
v 0.403130 0.704861 0.652452
v -0.247477 0.737847 0.702176
v -0.187880 0.795329 0.634874
v -0.260417 0.810981 0.615533
v 0.260417 0.810981 0.615533
v 0.187880 0.795329 0.634874
v 0.247477 0.737847 0.702176
v -0.125244 0.745416 0.584012
v -0.086887 0.791151 0.482124
v -0.154894 0.817627 0.522244
v 0.154894 0.817627 0.522244
v 0.086887 0.791151 0.482123
v 0.125244 0.745416 0.584012
v -0.038764 0.737359 0.450494
v 0.000000 0.782401 0.410198
v -0.061944 0.807711 0.399104
v 0.061944 0.807711 0.399104
v 0.038764 0.737359 0.450494
v -0.136936 0.803657 0.427192
v -0.204454 0.780735 0.446072
v -0.226318 0.801053 0.526476
v 0.226318 0.801053 0.526476
v 0.204454 0.780735 0.446072
v 0.136936 0.803657 0.427192
v -0.286838 0.768039 0.488336
v -0.323866 0.784804 0.546143
v 0.323866 0.784804 0.546143
v 0.286838 0.768039 0.488336
v -0.380317 0.749702 0.470947
v -0.450521 0.751302 0.487603
v 0.450521 0.751302 0.487603
v 0.380317 0.749702 0.470947
v -0.518202 0.710205 0.412950
v -0.617350 0.697320 0.401910
v 0.617350 0.697320 0.401910
v 0.518202 0.710205 0.412950
v -0.624864 0.669027 0.342150
v -0.681993 0.653944 0.322917
v 0.681993 0.653944 0.322917
v 0.624864 0.669027 0.342150
v -0.637885 0.652073 0.248861
v -0.659180 0.631510 0.195285
v 0.659180 0.631510 0.195285
v 0.637885 0.652072 0.248861
v -0.569824 0.659749 0.130859
v -0.547201 0.649713 0.067925
v 0.547201 0.649713 0.067925
v 0.569824 0.659749 0.130859
v -0.443387 0.688775 0.044000
v -0.378499 0.693685 -0.002387
v 0.378499 0.693685 -0.002387
v 0.443386 0.688775 0.044000
v -0.288086 0.731527 0.040880
v -0.186885 0.755652 0.005590
v 0.186885 0.755651 0.005590
v 0.288086 0.731527 0.040880
v -0.170681 0.754313 0.096408
v -0.089274 0.748690 0.094936
v -0.080060 0.759618 -0.023837
v 0.080060 0.759618 -0.023837
v 0.089274 0.748690 0.094936
v 0.170681 0.754313 0.096408
v -0.139214 0.781386 0.360189
v -0.072361 0.790241 0.325644
v 0.072361 0.790241 0.325644
v 0.139214 0.781386 0.360189
v -0.116726 0.770101 0.262017
v 0.000000 0.782998 0.274511
v -0.066325 0.763265 0.211236
v 0.066325 0.763265 0.211236
v 0.116726 0.770101 0.262017
v 0.000000 0.750060 0.141309
v -0.129937 0.757026 0.170654
v 0.129937 0.757026 0.170654
v -0.105062 0.663574 -0.903456
v -0.037977 0.682021 -0.891520
v 0.000000 0.662598 -0.914551
v 0.037977 0.682020 -0.891520
v 0.105062 0.663574 -0.903456
v -0.168593 0.672825 -0.863254
v -0.103217 0.691162 -0.865153
v 0.103217 0.691162 -0.865153
v 0.168593 0.672824 -0.863254
v -0.184592 0.694359 -0.775513
v -0.129647 0.709889 -0.792508
v 0.129647 0.709889 -0.792508
v 0.184592 0.694359 -0.775513
v -0.149333 0.723660 -0.462864
v -0.103461 0.734809 -0.565158
v -0.177572 0.709663 -0.666178
v 0.177572 0.709663 -0.666179
v 0.103461 0.734809 -0.565158
v 0.149333 0.723660 -0.462864
v -0.117386 0.724877 -0.712159
v 0.117386 0.724877 -0.712159
v -0.088290 0.740570 -0.375465
v -0.043300 0.749467 -0.327329
v 0.000000 0.746582 -0.384928
v -0.043810 0.745280 -0.462267
v 0.043810 0.745280 -0.462267
v 0.043300 0.749467 -0.327329
v 0.088290 0.740570 -0.375465
v -0.055257 0.735948 -0.654161
v 0.000000 0.742025 -0.562500
v 0.055257 0.735948 -0.654161
v 0.000000 0.734429 -0.711480
v -0.054262 0.731414 -0.736464
v 0.054262 0.731414 -0.736464
v -0.115566 0.747582 -0.260462
v -0.119005 0.769748 -0.221490
v -0.106391 0.786160 -0.248454
v -0.082254 0.763627 -0.281105
v 0.082254 0.763627 -0.281105
v 0.106391 0.786160 -0.248454
v 0.119005 0.769748 -0.221490
v 0.115566 0.747582 -0.260462
v -0.117079 0.755398 -0.184218
v -0.095242 0.765110 -0.152805
v -0.114258 0.786784 -0.183729
v 0.114258 0.786784 -0.183729
v 0.095242 0.765110 -0.152805
v 0.117079 0.755398 -0.184218
v -0.054782 0.753359 -0.126551
v -0.028795 0.764481 -0.142542
v -0.069417 0.780545 -0.138482
v 0.069417 0.780545 -0.138482
v 0.028795 0.764481 -0.142542
v 0.054782 0.753359 -0.126551
v -0.000000 0.760589 -0.160093
v -0.000000 0.772135 -0.170247
v -0.017714 0.786811 -0.160373
v 0.017714 0.786811 -0.160373
v 0.000000 0.762370 -0.312012
v -0.043837 0.778971 -0.292399
v 0.043837 0.778971 -0.292399
v 0.000000 0.792643 -0.289225
v -0.076622 0.795454 -0.263310
v -0.040992 0.804636 -0.264544
v 0.040992 0.804636 -0.264544
v 0.076622 0.795454 -0.263310
v 0.000000 0.806707 -0.177786
v -0.033856 0.814812 -0.176123
v -0.045371 0.798524 -0.148837
v 0.045371 0.798524 -0.148837
v 0.033856 0.814812 -0.176123
v -0.068127 0.809450 -0.160174
v -0.094073 0.798524 -0.157740
v 0.094073 0.798524 -0.157740
v 0.068127 0.809450 -0.160174
v -0.090722 0.814366 -0.187960
v -0.109863 0.805718 -0.218642
v 0.109863 0.805718 -0.218642
v 0.090722 0.814366 -0.187960
v -0.080556 0.811432 -0.240619
v 0.080556 0.811432 -0.240619
v -0.052775 0.820894 -0.212738
v 0.052775 0.820894 -0.212738
v -0.000000 0.815605 -0.241940
v 0.000000 0.748360 -0.067368
v -0.103999 0.761687 -0.128335
v 0.103999 0.761687 -0.128335
v -0.139052 0.734972 -0.227512
v -0.153017 0.726314 -0.179116
v 0.153017 0.726314 -0.179116
v 0.139052 0.734972 -0.227512
v -0.136833 0.725257 -0.313467
v -0.173041 0.692247 -0.275119
v 0.173041 0.692247 -0.275119
v 0.136833 0.725257 -0.313467
v -0.192057 0.691705 -0.380208
v 0.192057 0.691705 -0.380208
v -0.260742 0.563151 -0.369575
v -0.219862 0.632216 -0.321723
v 0.219862 0.632216 -0.321723
v 0.260742 0.563151 -0.369575
v -0.228841 0.563856 -0.276937
v -0.195204 0.640490 -0.239610
v 0.195204 0.640490 -0.239610
v 0.228841 0.563856 -0.276937
v -0.209852 0.578912 -0.207872
v 0.209852 0.578912 -0.207872
v -0.087736 0.724524 -0.753012
v 0.000000 0.726563 -0.755263
v -0.046197 0.713949 -0.757514
v 0.046197 0.713949 -0.757514
v 0.087736 0.724524 -0.753012
v -0.098877 0.708008 -0.821126
v -0.093994 0.707791 -0.782254
v 0.093994 0.707791 -0.782254
v 0.098877 0.708008 -0.821126
v -0.055854 0.691515 -0.869303
v -0.072510 0.689806 -0.842855
v 0.072510 0.689806 -0.842855
v 0.055854 0.691515 -0.869303
v 0.000000 0.686578 -0.880968
v -0.024712 0.679471 -0.869982
v 0.024712 0.679471 -0.869982
v 0.000000 0.660753 -0.863119
v -0.047770 0.663402 -0.852132
v -0.026964 0.646638 -0.842340
v 0.026964 0.646638 -0.842339
v 0.047770 0.663402 -0.852132
v -0.085907 0.677369 -0.811881
v -0.071639 0.651694 -0.823545
v 0.071639 0.651694 -0.823545
v 0.085907 0.677369 -0.811881
v -0.077718 0.690421 -0.764377
v -0.085473 0.661853 -0.790654
v 0.085473 0.661853 -0.790654
v 0.077718 0.690421 -0.764377
v 0.000000 0.689833 -0.768446
v -0.041287 0.665817 -0.779704
v 0.041287 0.665817 -0.779704
v -0.000000 0.648275 -0.813965
v -0.061523 0.649333 -0.805691
v 0.061523 0.649333 -0.805691
v -0.153836 0.768501 0.218099
v -0.175727 0.762451 0.150011
v -0.178630 0.769043 0.188178
v 0.178630 0.769043 0.188178
v 0.175727 0.762451 0.150011
v 0.153836 0.768501 0.218099
v -0.156169 0.773953 0.302762
v -0.172282 0.773329 0.258843
v 0.172282 0.773329 0.258843
v 0.156169 0.773953 0.302762
v -0.192952 0.775798 0.387967
v -0.191352 0.775201 0.337864
v 0.191352 0.775201 0.337864
v 0.192952 0.775798 0.387967
v -0.233724 0.755534 0.096056
v -0.208496 0.767578 0.133057
v 0.208496 0.767578 0.133057
v 0.233724 0.755534 0.096056
v -0.367025 0.723904 0.055501
v -0.301432 0.751329 0.085775
v 0.301432 0.751329 0.085775
v 0.367025 0.723904 0.055501
v -0.487522 0.693441 0.093180
v -0.424832 0.720758 0.081245
v 0.424832 0.720757 0.081245
v 0.487522 0.693441 0.093180
v -0.585585 0.668918 0.190809
v -0.526720 0.691379 0.148248
v 0.526720 0.691379 0.148248
v 0.585585 0.668918 0.190809
v -0.607530 0.669135 0.288927
v -0.582574 0.676704 0.242106
v 0.582574 0.676704 0.242106
v 0.607530 0.669135 0.288927
v -0.562202 0.689616 0.361599
v -0.573676 0.684353 0.320096
v 0.573676 0.684353 0.320095
v 0.562202 0.689616 0.361599
v -0.436334 0.736898 0.416694
v -0.491564 0.723633 0.377550
v 0.491564 0.723633 0.377550
v 0.436334 0.736898 0.416694
v -0.335585 0.753635 0.448703
v -0.379883 0.755968 0.417399
v 0.379883 0.755968 0.417399
v 0.335585 0.753635 0.448703
v -0.260335 0.766629 0.440375
v -0.303223 0.761990 0.428087
v 0.303223 0.761990 0.428087
v 0.260335 0.766629 0.440375
v -0.239556 0.772434 0.400825
v 0.239556 0.772434 0.400825
v -0.277669 0.766412 0.404785
v -0.225396 0.768880 0.363064
v -0.258138 0.761393 0.377767
v 0.258138 0.761393 0.377767
v 0.225396 0.768880 0.363064
v 0.277669 0.766412 0.404785
v -0.339681 0.757134 0.413276
v -0.309245 0.757650 0.401204
v 0.309245 0.757650 0.401204
v 0.339681 0.757134 0.413276
v -0.425781 0.746718 0.390517
v -0.376302 0.748861 0.397135
v 0.376302 0.748861 0.397135
v 0.425781 0.746718 0.390517
v -0.529487 0.697456 0.342665
v -0.471517 0.714681 0.362467
v 0.471517 0.714681 0.362467
v 0.529487 0.697456 0.342665
v -0.565511 0.679281 0.281304
v -0.540365 0.677246 0.308268
v 0.540365 0.677246 0.308268
v 0.565511 0.679281 0.281304
v -0.548476 0.681342 0.201199
v -0.548503 0.672689 0.245280
v 0.548503 0.672689 0.245280
v 0.548476 0.681342 0.201199
v -0.468804 0.707791 0.118761
v -0.502279 0.687988 0.164876
v 0.502279 0.687988 0.164876
v 0.468804 0.707791 0.118761
v -0.367160 0.735135 0.086833
v -0.416992 0.714844 0.104329
v 0.416992 0.714844 0.104329
v 0.367160 0.735135 0.086833
v -0.251166 0.761149 0.117757
v -0.309570 0.741537 0.107096
v 0.309570 0.741537 0.107096
v 0.251166 0.761149 0.117757
v -0.199680 0.762614 0.166016
v -0.225260 0.753255 0.148763
v 0.225260 0.753255 0.148763
v 0.199680 0.762614 0.166016
v -0.192030 0.768039 0.296414
v -0.215820 0.757813 0.327474
v 0.215820 0.757813 0.327474
v 0.192030 0.768039 0.296414
v -0.185818 0.764567 0.225288
v -0.196289 0.753906 0.261882
v 0.196289 0.753906 0.261882
v 0.185818 0.764567 0.225288
v -0.200033 0.750326 0.199707
v 0.200033 0.750326 0.199707
v 0.000000 0.675673 0.438386
v -0.090738 0.679807 0.502255
v -0.048995 0.623451 0.458757
v 0.048995 0.623451 0.458757
v 0.090738 0.679807 0.502255
v -0.188874 0.685140 0.657249
v -0.185040 0.630477 0.577115
v 0.185040 0.630477 0.577115
v 0.188874 0.685140 0.657249
v -0.327697 0.664414 0.689205
v -0.266490 0.628294 0.654885
v 0.266490 0.628295 0.654885
v 0.327697 0.664414 0.689205
v -0.490532 0.618404 0.581079
v -0.369838 0.602181 0.618360
v 0.369838 0.602181 0.618360
v 0.490532 0.618404 0.581079
v -0.681044 0.562012 0.477051
v -0.574476 0.518944 0.508257
v 0.574476 0.518944 0.508257
v 0.681044 0.562012 0.477051
v -0.798503 0.511203 0.382243
v -0.732259 0.469618 0.431369
v 0.732259 0.469618 0.431369
v 0.798503 0.511203 0.382243
v -0.774170 0.437364 0.172282
v -0.789632 0.399061 0.288764
v 0.789632 0.399061 0.288764
v 0.774170 0.437364 0.172282
v -0.619141 0.464627 -0.005371
v -0.708143 0.359158 0.082275
v 0.708143 0.359158 0.082275
v 0.619141 0.464627 -0.005371
v -0.426048 0.500414 -0.111362
v -0.528040 0.403472 -0.062711
v 0.528040 0.403472 -0.062711
v 0.426048 0.500414 -0.111362
v -0.067952 0.332275 -0.573107
v -0.000000 0.301812 -0.514703
v -0.085449 0.268446 -0.460178
v -0.142660 0.320882 -0.480496
v 0.142660 0.320882 -0.480496
v 0.085449 0.268446 -0.460178
v 0.067952 0.332275 -0.573107
v -0.071072 0.369059 -0.771674
v 0.000000 0.343316 -0.676107
v -0.134630 0.361925 -0.649143
v 0.134630 0.361925 -0.649143
v 0.071072 0.369059 -0.771674
v -0.081299 0.452203 -0.932265
v -0.000000 0.404405 -0.873101
v -0.152859 0.402696 -0.847439
v 0.152859 0.402696 -0.847439
v 0.081299 0.452203 -0.932265
v -0.168267 0.494385 -0.951687
v 0.000000 0.511014 -0.968153
v 0.168267 0.494385 -0.951687
v -0.297704 0.469745 -0.910123
v -0.237021 0.433368 -0.901212
v 0.237021 0.433368 -0.901212
v 0.297704 0.469745 -0.910123
v -0.318414 0.464030 -0.788249
v -0.285877 0.417661 -0.831089
v 0.285877 0.417661 -0.831089
v 0.318414 0.464030 -0.788249
v -0.296224 0.479438 -0.598470
v -0.262044 0.410455 -0.644152
v 0.262044 0.410455 -0.644152
v 0.296224 0.479438 -0.598470
v -0.213976 0.384901 -0.735270
v -0.194417 0.370877 -0.537028
v 0.194417 0.370877 -0.537028
v 0.213976 0.384901 -0.735270
v -0.202989 0.336941 -0.401096
v -0.242540 0.411838 -0.460558
v 0.242540 0.411838 -0.460558
v 0.202989 0.336941 -0.401096
v -0.268880 0.487440 -0.413629
v 0.268880 0.487440 -0.413629
v -0.241671 0.492069 -0.302922
v -0.252513 0.441998 -0.240557
v -0.224564 0.514251 -0.235623
v 0.224564 0.514251 -0.235623
v 0.252513 0.441998 -0.240557
v 0.241671 0.492069 -0.302922
v -0.232932 0.406656 -0.340750
v 0.232932 0.406656 -0.340750
v -0.246408 0.527377 -0.177480
v -0.241118 0.493333 -0.190473
v 0.241118 0.493333 -0.190473
v 0.246408 0.527377 -0.177480
v -0.313356 0.489019 -0.148515
v 0.313357 0.489019 -0.148515
v 0.000000 -0.694770 -0.051541
v -0.174335 -0.722729 0.095486
v -0.302626 -0.614149 -0.036296
v -0.162941 -0.576353 -0.158746
v 0.162941 -0.576353 -0.158746
v 0.302626 -0.614149 -0.036296
v 0.174334 -0.722729 0.095486
v 0.000000 -0.467828 -0.266059
v -0.287996 -0.409985 -0.213840
v -0.142144 -0.275092 -0.327013
v 0.142144 -0.275092 -0.327013
v 0.287996 -0.409984 -0.213840
v 0.000000 -0.076009 -0.395182
v -0.238980 -0.052839 -0.332279
v -0.108573 0.114971 -0.411733
v 0.108573 0.114971 -0.411733
v 0.238980 -0.052839 -0.332279
v 0.000000 0.217339 -0.449653
v -0.171163 0.242788 -0.399404
v 0.171163 0.242788 -0.399404
v -0.234653 0.283142 -0.324261
v 0.234653 0.283142 -0.324261
v -0.781359 0.249240 0.198242
v -0.652072 0.244161 -0.006337
v -0.768825 0.099752 0.102902
v 0.768825 0.099752 0.102902
v 0.652072 0.244161 -0.006337
v 0.781359 0.249240 0.198242
v 0.000000 -0.778266 0.295519
v -0.213596 -0.715034 0.486708
v -0.357169 -0.681957 0.250543
v 0.357169 -0.681957 0.250543
v 0.213596 -0.715034 0.486708
v 0.000000 0.094238 0.916016
v -0.221598 0.240777 0.830051
v -0.408936 0.058187 0.863770
v -0.221029 -0.085422 0.926297
v 0.221029 -0.085422 0.926297
v 0.408936 0.058187 0.863770
v 0.221598 0.240777 0.830051
v 0.000000 -0.283095 0.917698
v -0.408881 -0.256131 0.865099
v -0.221544 -0.449897 0.826715
v 0.221544 -0.449897 0.826715
v 0.408881 -0.256131 0.865099
v 0.000000 -0.637858 0.696560
v -0.407308 -0.556858 0.633952
v 0.407308 -0.556858 0.633952
v -0.644233 0.404460 0.465468
v -0.754801 0.364366 0.383274
v -0.694119 0.298231 0.461317
v 0.694119 0.298231 0.461317
v 0.754801 0.364366 0.383274
v 0.644233 0.404460 0.465468
v -0.628581 0.204156 0.581950
v -0.757243 0.181098 0.466200
v -0.709771 0.085069 0.605387
v 0.709771 0.085069 0.605387
v 0.757243 0.181098 0.466200
v 0.628581 0.204156 0.581950
v -0.635091 -0.033393 0.724501
v -0.776801 -0.030924 0.563477
v -0.715305 -0.155735 0.660617
v 0.715305 -0.155735 0.660617
v 0.776801 -0.030924 0.563477
v 0.635091 -0.033393 0.724501
v -0.635037 -0.288981 0.714220
v -0.768467 -0.260986 0.551491
v -0.709331 -0.377374 0.571782
v 0.709331 -0.377374 0.571782
v 0.768467 -0.260986 0.551491
v 0.635037 -0.288981 0.714220
v -0.760505 -0.377108 0.426538
v -0.676744 -0.487514 0.304273
v -0.623562 -0.494548 0.506673
v 0.623562 -0.494548 0.506673
v 0.676744 -0.487514 0.304273
v 0.760505 -0.377108 0.426538
v -0.512994 -0.600044 0.391059
v -0.539361 -0.406440 0.717828
v 0.539361 -0.406440 0.717828
v 0.512994 -0.600043 0.391059
v -0.540690 -0.132324 0.816569
v 0.540690 -0.132324 0.816569
v -0.540446 0.136122 0.738010
v 0.540446 0.136122 0.738010
v -0.411675 0.317193 0.678684
v -0.545708 0.351535 0.538249
v 0.545709 0.351535 0.538249
v 0.411675 0.317193 0.678684
v -0.433566 0.489118 0.530826
v 0.433566 0.489118 0.530826
v 0.000000 0.395399 0.716542
v -0.235130 0.473158 0.589742
v 0.235130 0.473158 0.589742
v -0.282537 0.575229 0.539374
v 0.282537 0.575229 0.539374
v -0.108633 0.575030 0.512475
v 0.108633 0.575030 0.512475
v -0.000000 0.590088 0.486417
v -0.789985 0.205756 0.330349
v 0.789985 0.205756 0.330349
v -0.817860 0.041852 0.261058
v -0.813818 0.028153 0.423303
v 0.813818 0.028153 0.423303
v 0.817860 0.041852 0.261058
v -0.828772 -0.119958 0.349030
v -0.805806 -0.169039 0.457859
v 0.805806 -0.169039 0.457859
v 0.828772 -0.119958 0.349030
v -0.806308 -0.305045 0.352328
v 0.806308 -0.305045 0.352328
v -0.307366 0.129492 -0.276005
v -0.360541 -0.224094 -0.226644
v -0.430293 -0.034945 -0.190620
v 0.430293 -0.034945 -0.190620
v 0.360541 -0.224094 -0.226644
v 0.307366 0.129492 -0.276005
v -0.637655 -0.054912 -0.084141
v -0.550699 0.115755 -0.107208
v -0.530138 -0.188287 -0.126753
v 0.530138 -0.188287 -0.126753
v 0.550699 0.115755 -0.107208
v 0.637655 -0.054912 -0.084141
v -0.424266 0.316964 -0.138150
v 0.424266 0.316964 -0.138150
v -0.312364 0.445935 -0.171068
v -0.306987 0.298853 -0.234928
v 0.306987 0.298853 -0.234928
v 0.312364 0.445935 -0.171068
v -0.701375 -0.432962 0.139193
v -0.574620 -0.443816 0.025146
v -0.549279 -0.556103 0.181247
v 0.549279 -0.556103 0.181247
v 0.574620 -0.443816 0.025146
v 0.701375 -0.432962 0.139193
v -0.417832 -0.600803 0.069567
v 0.417832 -0.600803 0.069567
v -0.622559 -0.294881 -0.072351
v -0.461334 -0.365700 -0.100016
v 0.461334 -0.365700 -0.100016
v 0.622559 -0.294881 -0.072351
v -0.394028 -0.510376 -0.075033
v 0.394028 -0.510376 -0.075033
v -1.032634 -0.310710 0.437256
v -0.959147 -0.298692 0.425971
v -0.912679 -0.240560 0.379015
v -0.971517 -0.270643 0.384440
v 0.971517 -0.270643 0.384440
v 0.912679 -0.240560 0.379015
v 0.959147 -0.298692 0.425971
v 1.032634 -0.310710 0.437256
v -1.125217 -0.385579 0.469537
v -1.105143 -0.352919 0.420247
v -1.195285 -0.393609 0.437880
v 1.195285 -0.393609 0.437880
v 1.105143 -0.352919 0.420247
v 1.125217 -0.385579 0.469537
v -1.278836 -0.433024 0.394504
v -1.228923 -0.407471 0.357096
v -1.281711 -0.416124 0.291748
v 1.281711 -0.416124 0.291748
v 1.228923 -0.407471 0.357096
v 1.278836 -0.433024 0.394504
v -1.300049 -0.435710 0.185547
v -1.241184 -0.413737 0.182888
v -1.221436 -0.403537 0.083523
v 1.221436 -0.403537 0.083523
v 1.241184 -0.413737 0.182888
v 1.300049 -0.435710 0.185547
v -1.152344 -0.392931 -0.010498
v -1.123183 -0.364176 0.020671
v -1.031630 -0.306695 -0.052355
v 1.031630 -0.306695 -0.052355
v 1.123183 -0.364176 0.020671
v 1.152344 -0.392931 -0.010498
v -0.913005 -0.258789 -0.103570
v -0.932455 -0.234701 -0.055366
v -0.817247 -0.172635 -0.092909
v 0.817247 -0.172635 -0.092909
v 0.932454 -0.234701 -0.055366
v 0.913005 -0.258789 -0.103570
v -1.032905 -0.325033 -0.007704
v -0.958035 -0.289307 -0.015951
v -0.869303 -0.208740 -0.039198
v 0.869303 -0.208740 -0.039198
v 0.958035 -0.289307 -0.015951
v 1.032905 -0.325033 -0.007704
v -1.182075 -0.412164 0.098389
v -1.114746 -0.402317 0.044623
v 1.114746 -0.402317 0.044623
v 1.182075 -0.412164 0.098389
v -1.231879 -0.425184 0.260824
v -1.214762 -0.444119 0.172906
v 1.214762 -0.444119 0.172906
v 1.231879 -0.425184 0.260824
v -1.166043 -0.402615 0.374702
v -1.206109 -0.440348 0.308702
v 1.206109 -0.440348 0.308702
v 1.166043 -0.402615 0.374702
v -1.032362 -0.329074 0.375298
v -1.100586 -0.395861 0.358073
v 1.100586 -0.395861 0.358073
v 1.032362 -0.329074 0.375298
v -0.936524 -0.264431 0.329481
v -0.985650 -0.322862 0.331082
v 0.985650 -0.322862 0.331082
v 0.936524 -0.264431 0.329481
v -0.733787 -0.022830 0.016047
v -0.689592 -0.140469 -0.070129
v -0.718188 -0.118053 -0.012106
v 0.718188 -0.118053 -0.012106
v 0.689592 -0.140469 -0.070129
v 0.733787 -0.022830 0.016047
v -0.706517 -0.185872 -0.107399
v -0.775267 -0.167971 -0.054265
v 0.775267 -0.167971 -0.054265
v 0.706517 -0.185872 -0.107399
v -0.786348 -0.062690 0.147524
v 0.786348 -0.062690 0.147524
v -0.856045 -0.247761 0.357476
v -0.843119 -0.200343 0.314860
v -0.885444 -0.226888 0.322591
v 0.885444 -0.226888 0.322591
v 0.843119 -0.200343 0.314860
v 0.856045 -0.247761 0.357476
v -0.839301 -0.239041 -0.022190
v -0.781104 -0.214796 -0.017350
v 0.781104 -0.214796 -0.017350
v 0.839301 -0.239041 -0.022190
v -0.811876 -0.264730 0.002414
v -0.780430 -0.235542 0.031715
v -0.738369 -0.181629 0.007248
v 0.738369 -0.181629 0.007248
v 0.780430 -0.235542 0.031715
v 0.811876 -0.264730 0.002414
v -0.790377 -0.274723 0.079754
v -0.766075 -0.238019 0.082378
v -0.816527 -0.274587 0.051298
v 0.816527 -0.274587 0.051298
v 0.766076 -0.238019 0.082378
v 0.790377 -0.274723 0.079754
v -0.794271 -0.269070 0.132107
v -0.812799 -0.237874 0.181939
v -0.771546 -0.189643 0.129289
v 0.771546 -0.189643 0.129289
v 0.812798 -0.237874 0.181939
v 0.794271 -0.269070 0.132107
v -0.869629 -0.242025 0.264621
v -0.830431 -0.206435 0.250407
v -0.856391 -0.268582 0.212267
v 0.856391 -0.268582 0.212267
v 0.830431 -0.206434 0.250407
v 0.869629 -0.242025 0.264621
v -0.913384 -0.277615 0.279324
v 0.913384 -0.277615 0.279324
v -0.812340 -0.138324 0.232860
v 0.812340 -0.138324 0.232860
v -0.740802 -0.134472 0.053018
v 0.740803 -0.134472 0.053018
v -0.953885 -0.323269 0.293620
v -0.892415 -0.296875 0.236654
v -0.932916 -0.329346 0.253391
v 0.932916 -0.329346 0.253391
v 0.892415 -0.296875 0.236654
v 0.953885 -0.323269 0.293620
v -0.835558 -0.295085 0.169189
v -0.875977 -0.315565 0.193088
v 0.875977 -0.315565 0.193088
v 0.835558 -0.295085 0.169189
v -0.786380 -0.295009 0.104518
v -0.815189 -0.312547 0.128240
v 0.815189 -0.312547 0.128240
v 0.786380 -0.295009 0.104518
v -0.818263 -0.296981 0.072932
v -0.809519 -0.312520 0.095322
v 0.809519 -0.312520 0.095322
v 0.818263 -0.296981 0.072932
v -0.837267 -0.295383 0.022569
v -0.848823 -0.314182 0.053684
v 0.848823 -0.314182 0.053684
v 0.837267 -0.295383 0.022569
v -0.829805 -0.284293 -0.010515
v -0.845268 -0.307812 0.005531
v 0.845268 -0.307812 0.005531
v 0.829805 -0.284293 -0.010515
v -0.897407 -0.273221 -0.014811
v -0.859794 -0.292010 -0.006147
v 0.859794 -0.292010 -0.006147
v 0.897407 -0.273221 -0.014811
v -1.042761 -0.385579 0.332420
v -1.004648 -0.371338 0.301306
v 1.004648 -0.371338 0.301306
v 1.042761 -0.385579 0.332420
v -1.164614 -0.447239 0.331715
v -1.106825 -0.432292 0.327908
v 1.106825 -0.432292 0.327908
v 1.164614 -0.447239 0.331715
v -1.224826 -0.463867 0.238064
v -1.195050 -0.462945 0.283538
v 1.195050 -0.462945 0.283538
v 1.224826 -0.463867 0.238064
v -1.178548 -0.450928 0.102431
v -1.200819 -0.462864 0.171495
v 1.200819 -0.462864 0.171495
v 1.178548 -0.450928 0.102431
v -1.041097 -0.378065 0.013319
v -1.107341 -0.429606 0.064779
v 1.107341 -0.429606 0.064779
v 1.041097 -0.378065 0.013319
v -0.966309 -0.338053 0.010064
v 0.966309 -0.338053 0.010064
v -0.857313 -0.323676 0.092556
v -0.882406 -0.321696 0.040229
v -0.910916 -0.333632 0.089355
v 0.910916 -0.333632 0.089355
v 0.882406 -0.321696 0.040229
v 0.857314 -0.323676 0.092556
v -0.922906 -0.338840 0.143636
v -0.960802 -0.348769 0.085259
v -0.978163 -0.358371 0.147352
v 0.978163 -0.358371 0.147352
v 0.960802 -0.348769 0.085259
v 0.922906 -0.338840 0.143636
v -0.983833 -0.360080 0.204536
v -1.037245 -0.385200 0.145047
v -1.038032 -0.379096 0.205160
v 1.038032 -0.379096 0.205160
v 1.037245 -0.385200 0.145047
v 0.983833 -0.360080 0.204536
v -1.047861 -0.384060 0.253671
v -1.101570 -0.403783 0.202231
v -1.107968 -0.406292 0.246240
v 1.107967 -0.406292 0.246240
v 1.101570 -0.403783 0.202231
v 1.047861 -0.384060 0.253671
v -1.065511 -0.404378 0.298584
v -0.988227 -0.361654 0.257731
v 0.988227 -0.361654 0.257731
v 1.065511 -0.404378 0.298584
v -0.926568 -0.337050 0.201660
v 0.926568 -0.337050 0.201660
v -0.865967 -0.324680 0.140923
v 0.865967 -0.324680 0.140923
v -0.915120 -0.318386 0.026964
v 0.915121 -0.318387 0.026964
v -1.021756 -0.384060 0.069336
v 1.021756 -0.384060 0.069336
v -1.121853 -0.427327 0.140489
v 1.121853 -0.427328 0.140489
v -1.167190 -0.439428 0.226116
v 1.167190 -0.439428 0.226116
v -1.130507 -0.433729 0.296902
v 1.130507 -0.433729 0.296902
v -1.038710 -0.391032 -0.063856
v -0.799425 -0.269694 -0.103868
v -0.919759 -0.386312 -0.018256
v 0.919759 -0.386312 -0.018256
v 0.799425 -0.269694 -0.103868
v 1.038710 -0.391032 -0.063856
v -1.261900 -0.465314 0.080187
v -1.162914 -0.486364 0.063938
v 1.162914 -0.486364 0.063938
v 1.261900 -0.465314 0.080187
v -1.325935 -0.467527 0.295174
v -1.316929 -0.502927 0.212057
v 1.316929 -0.502927 0.212057
v 1.325935 -0.467527 0.295174
v -1.225007 -0.465477 0.444173
v -1.299432 -0.505653 0.344639
v 1.299432 -0.505654 0.344639
v 1.225007 -0.465477 0.444173
v -1.035183 -0.397163 0.440077
v -1.140345 -0.487314 0.378092
v 1.140345 -0.487314 0.378092
v 1.035184 -0.397163 0.440077
v -0.885824 -0.324490 0.377848
v -0.942329 -0.405382 0.328966
v 0.942329 -0.405382 0.328966
v 0.885824 -0.324490 0.377848
v -1.038303 -0.467936 0.182780
v -0.839410 -0.382840 0.136719
v 0.839410 -0.382840 0.136719
v 1.038303 -0.467936 0.182780
v -1.249566 -0.520861 0.252577
v 1.249566 -0.520860 0.252577
v -0.807793 -0.377447 0.272250
v 0.807793 -0.377447 0.272250
v -0.728244 -0.350694 -0.011095
v 0.728244 -0.350694 -0.011095
v -0.083466 0.599620 -0.954895
v 0.083466 0.599620 -0.954895
v -0.221273 0.585592 -0.936290
v 0.221273 0.585592 -0.936290
v -0.292562 0.587538 -0.885708
v 0.292562 0.587538 -0.885708
v -0.302226 0.610938 -0.768521
v 0.302226 0.610938 -0.768521
v -0.276076 0.631304 -0.567773
v 0.276076 0.631304 -0.567773
v -0.295484 0.642072 -0.115736
v 0.295484 0.642072 -0.115736
v -0.517541 0.591207 -0.038876
v 0.517541 0.591207 -0.038876
v -0.694146 0.554169 0.094872
v 0.694146 0.554169 0.094872
v -0.780457 0.574741 0.285516
v 0.780457 0.574741 0.285516
v -0.741747 0.646203 0.421882
v 0.741747 0.646203 0.421882
v -0.579671 0.704603 0.510939
v 0.579671 0.704603 0.510939
v -0.392802 0.758063 0.629445
v 0.392802 0.758064 0.629446
v -0.250315 0.789002 0.672221
v 0.250315 0.789001 0.672221
v -0.134016 0.795417 0.561011
v 0.134016 0.795417 0.561011
v -0.043345 0.785332 0.429640
v 0.043345 0.785332 0.429640
v -0.180050 0.804287 0.481635
v 0.180050 0.804287 0.481635
v -0.273790 0.794607 0.548140
v 0.273790 0.794607 0.548140
v -0.380001 0.770993 0.523933
v 0.380001 0.770993 0.523933
v -0.538025 0.725023 0.444197
v 0.538025 0.725023 0.444197
v -0.663761 0.673547 0.365262
v 0.663761 0.673547 0.365261
v -0.681257 0.638526 0.263994
v 0.681257 0.638526 0.263994
v -0.612651 0.636410 0.127323
v 0.612651 0.636410 0.127323
v -0.469045 0.667803 0.023512
v 0.469045 0.667803 0.023512
v -0.278078 0.728331 -0.008243
v 0.278078 0.728331 -0.008243
v -0.126433 0.756531 0.044161
v 0.126433 0.756531 0.044161
v -0.099575 0.798777 0.376184
v 0.099575 0.798777 0.376184
v -0.064185 0.777106 0.269098
v 0.064185 0.777106 0.269098
v -0.073018 0.751911 0.153129
v 0.073018 0.751911 0.153129
v -0.055613 0.662659 -0.911699
v 0.055613 0.662659 -0.911699
v -0.143155 0.666501 -0.889113
v 0.143155 0.666501 -0.889113
v -0.181429 0.683162 -0.822323
v 0.181429 0.683162 -0.822323
v -0.163971 0.717679 -0.568682
v 0.163971 0.717678 -0.568682
v -0.184159 0.702409 -0.730225
v 0.184159 0.702409 -0.730225
v -0.042190 0.745845 -0.381135
v 0.042190 0.745845 -0.381135
v -0.049554 0.741123 -0.563076
v 0.049554 0.741123 -0.563076
v -0.056704 0.733286 -0.709154
v 0.056704 0.733286 -0.709154
v -0.107932 0.767214 -0.253500
v 0.107932 0.767214 -0.253500
v -0.114855 0.768273 -0.184421
v 0.114855 0.768273 -0.184421
v -0.062276 0.763376 -0.138042
v 0.062276 0.763376 -0.138042
v -0.010488 0.768974 -0.160480
v 0.010488 0.768974 -0.160480
v -0.043889 0.762474 -0.302908
v 0.043889 0.762474 -0.302908
v -0.041939 0.792963 -0.280865
v 0.041939 0.792963 -0.280865
v -0.022556 0.803512 -0.165962
v 0.022556 0.803512 -0.165962
v -0.071031 0.796838 -0.144960
v 0.071031 0.796838 -0.144960
v -0.107679 0.803347 -0.186123
v 0.107679 0.803347 -0.186123
v -0.099407 0.801515 -0.243606
v 0.099407 0.801515 -0.243606
v -0.061994 0.818119 -0.183869
v 0.061994 0.818119 -0.183869
v -0.045519 0.815105 -0.241289
v 0.045519 0.815105 -0.241289
v -0.057840 0.755838 -0.086147
v 0.057840 0.755838 -0.086147
v -0.128620 0.750233 -0.179667
v 0.128620 0.750233 -0.179667
v -0.139633 0.727148 -0.268207
v 0.139633 0.727148 -0.268207
v -0.139840 0.725219 -0.376985
v 0.139840 0.725219 -0.376985
v -0.237081 0.634213 -0.379429
v 0.237081 0.634213 -0.379428
v -0.207096 0.632599 -0.278907
v 0.207096 0.632599 -0.278907
v -0.185647 0.657297 -0.194688
v 0.185647 0.657297 -0.194688
v -0.049291 0.726772 -0.750197
v 0.049291 0.726772 -0.750197
v -0.103148 0.717433 -0.782484
v 0.103148 0.717433 -0.782484
v -0.081109 0.698744 -0.850769
v 0.081109 0.698744 -0.850769
v -0.028283 0.687642 -0.878513
v 0.028283 0.687642 -0.878513
v -0.024038 0.661125 -0.860708
v 0.024038 0.661125 -0.860708
v -0.069962 0.669020 -0.835803
v 0.069962 0.669020 -0.835803
v -0.090552 0.685093 -0.783635
v 0.090552 0.685093 -0.783635
v -0.044627 0.690842 -0.764052
v 0.044627 0.690842 -0.764052
v -0.034058 0.648895 -0.810489
v 0.034058 0.648895 -0.810489
v -0.075754 0.649704 -0.805564
v 0.075754 0.649704 -0.805564
v -0.162228 0.765038 0.181695
v 0.162228 0.765038 0.181695
v -0.151299 0.771481 0.258894
v 0.151299 0.771481 0.258894
v -0.169922 0.775872 0.347449
v 0.169922 0.775872 0.347449
v -0.196018 0.761037 0.122494
v 0.196018 0.761037 0.122494
v -0.295980 0.741570 0.069970
v 0.295980 0.741570 0.069970
v -0.430122 0.708052 0.063751
v 0.430122 0.708052 0.063751
v -0.542769 0.679145 0.138343
v 0.542769 0.679145 0.138343
v -0.605804 0.666280 0.242401
v 0.605804 0.666280 0.242401
v -0.595435 0.675520 0.328142
v 0.595435 0.675520 0.328142
v -0.503174 0.713776 0.391232
v 0.503174 0.713776 0.391232
v -0.380547 0.748450 0.436727
v 0.380547 0.748450 0.436727
v -0.296719 0.759735 0.450124
v 0.296719 0.759735 0.450124
v -0.224508 0.772454 0.419461
v 0.224508 0.772454 0.419461
v -0.250078 0.768633 0.387851
v 0.250078 0.768633 0.387851
v -0.306966 0.761366 0.413171
v 0.306966 0.761366 0.413171
v -0.378337 0.755548 0.405589
v 0.378337 0.755547 0.405589
v -0.481286 0.723002 0.368808
v 0.481286 0.723002 0.368808
v -0.556064 0.683994 0.313897
v 0.556064 0.683994 0.313897
v -0.564358 0.677646 0.243479
v 0.564358 0.677646 0.243479
v -0.514001 0.692868 0.157060
v 0.514001 0.692868 0.157060
v -0.420902 0.721442 0.094181
v 0.420902 0.721442 0.094181
v -0.305745 0.750085 0.097168
v 0.305745 0.750085 0.097168
v -0.217367 0.763835 0.140940
v 0.217367 0.763835 0.140940
v -0.205499 0.768714 0.331702
v 0.205499 0.768714 0.331702
v -0.185964 0.766527 0.260098
v 0.185964 0.766527 0.260098
v -0.190094 0.762858 0.193932
v 0.190094 0.762858 0.193932
v -0.043606 0.677093 0.453352
v 0.043606 0.677093 0.453352
v -0.137575 0.684231 0.582376
v 0.137575 0.684231 0.582376
v -0.254262 0.677066 0.694391
v 0.254262 0.677066 0.694391
v -0.404027 0.644554 0.644248
v 0.404027 0.644554 0.644248
v -0.588823 0.588971 0.523528
v 0.588823 0.588971 0.523528
v -0.754218 0.540036 0.438955
v 0.754218 0.540036 0.438955
v -0.805776 0.468363 0.285197
v 0.805776 0.468363 0.285197
v -0.706635 0.441973 0.073476
v 0.706635 0.441973 0.073476
v -0.526385 0.483498 -0.065442
v 0.526385 0.483498 -0.065442
v -0.075328 0.305132 -0.504039
v 0.075328 0.305132 -0.504039
v -0.067244 0.349264 -0.667792
v 0.067244 0.349264 -0.667792
v -0.076236 0.404232 -0.865092
v 0.076236 0.404233 -0.865092
v -0.085181 0.506168 -0.963125
v 0.085181 0.506168 -0.963125
v -0.244266 0.480406 -0.936729
v 0.244266 0.480406 -0.936729
v -0.319113 0.463197 -0.860920
v 0.319113 0.463197 -0.860920
v -0.308946 0.471083 -0.697937
v 0.308946 0.471083 -0.697937
v -0.201257 0.377797 -0.632792
v 0.201257 0.377797 -0.632792
v -0.227200 0.401816 -0.830694
v 0.227200 0.401816 -0.830694
v -0.196649 0.356177 -0.458635
v 0.196649 0.356177 -0.458635
v -0.282979 0.484751 -0.499498
v 0.282979 0.484751 -0.499498
v -0.233118 0.502304 -0.266116
v 0.233118 0.502304 -0.266116
v -0.253903 0.488991 -0.350128
v 0.253903 0.488991 -0.350127
v -0.219944 0.524375 -0.206557
v 0.219944 0.524375 -0.206557
v -0.322432 0.517925 -0.147040
v 0.322432 0.517925 -0.147040
v -0.165880 -0.666301 -0.047906
v 0.165880 -0.666301 -0.047906
v -0.155384 -0.447129 -0.252370
v 0.155384 -0.447129 -0.252370
v -0.125203 -0.068659 -0.378636
v 0.125203 -0.068659 -0.378636
v -0.095147 0.217911 -0.434554
v 0.095147 0.217911 -0.434554
v -0.210631 0.315757 -0.362224
v 0.210631 0.315757 -0.362224
v -0.735134 0.232339 0.090335
v 0.735134 0.232339 0.090335
v -0.194060 -0.746737 0.281515
v 0.194060 -0.746737 0.281514
v -0.221100 0.086985 0.903198
v 0.221100 0.086985 0.903198
v -0.221093 -0.269185 0.905528
v 0.221093 -0.269185 0.905528
v -0.221324 -0.608568 0.679193
v 0.221324 -0.608568 0.679192
v -0.707960 0.389194 0.431959
v 0.707960 0.389194 0.431959
v -0.698558 0.196350 0.530250
v 0.698558 0.196350 0.530250
v -0.714939 -0.033369 0.650316
v 0.714939 -0.033369 0.650316
v -0.713998 -0.275835 0.637622
v 0.713998 -0.275835 0.637622
v -0.701191 -0.447765 0.452734
v 0.701191 -0.447765 0.452734
v -0.534071 -0.523393 0.571838
v 0.534071 -0.523393 0.571838
v -0.540524 -0.272485 0.795315
v 0.540524 -0.272485 0.795315
v -0.540660 0.006395 0.799425
v 0.540660 0.006395 0.799425
v -0.540738 0.250960 0.633409
v 0.540738 0.250960 0.633409
v -0.558380 0.440154 0.501942
v 0.558380 0.440154 0.501942
v -0.223789 0.371260 0.707947
v 0.223789 0.371260 0.707947
v -0.279076 0.600035 0.594031
v 0.279076 0.600035 0.594031
v -0.264055 0.535880 0.533733
v 0.264055 0.535880 0.533733
v -0.043831 0.594812 0.482234
v 0.043831 0.594812 0.482234
v -0.783878 0.305827 0.301693
v 0.783878 0.305827 0.301693
v -0.803067 0.115901 0.376510
v 0.803067 0.115901 0.376510
v -0.813537 -0.065614 0.453482
v 0.813537 -0.065614 0.453482
v -0.792182 -0.278844 0.441368
v 0.792182 -0.278844 0.441368
v -0.335332 -0.042816 -0.263090
v 0.335332 -0.042816 -0.263090
v -0.539466 -0.039594 -0.131719
v 0.539466 -0.039594 -0.131719
v -0.542417 0.273223 -0.078372
v 0.542417 0.273223 -0.078372
v -0.320816 0.377783 -0.194374
v 0.320816 0.377783 -0.194374
v -0.280628 0.242705 -0.279938
v 0.280628 0.242705 -0.279938
v -0.286245 0.477754 -0.166731
v 0.286245 0.477755 -0.166731
v -0.627542 -0.492076 0.156363
v 0.627542 -0.492076 0.156363
v -0.468543 -0.618937 0.215902
v 0.468543 -0.618937 0.215902
v -0.541211 -0.331983 -0.073111
v 0.541211 -0.331983 -0.073111
v -0.383582 -0.385386 -0.156565
v 0.383582 -0.385386 -0.156565
v -0.380666 -0.579610 -0.019135
v 0.380666 -0.579610 -0.019135
v -0.965332 -0.270264 0.411116
v 0.965332 -0.270264 0.411116
v -1.114977 -0.356411 0.451860
v 1.114977 -0.356411 0.451860
v -1.254327 -0.411092 0.381304
v 1.254327 -0.411092 0.381304
v -1.270840 -0.416484 0.185703
v 1.270840 -0.416484 0.185703
v -1.137224 -0.367038 0.002981
v 1.137224 -0.367038 0.002981
v -0.920197 -0.230876 -0.083160
v 0.920197 -0.230876 -0.083160
v -0.946455 -0.258128 -0.031742
v 0.946455 -0.258128 -0.031742
v -1.115618 -0.378893 0.035506
v 1.115618 -0.378893 0.035506
v -1.221788 -0.424981 0.178141
v 1.221788 -0.424981 0.178141
v -1.212216 -0.419515 0.330539
v 1.212216 -0.419515 0.330539
v -1.100179 -0.369537 0.386047
v 1.100179 -0.369537 0.386047
v -0.978533 -0.292145 0.355309
v 0.978533 -0.292145 0.355309
v -0.693917 -0.083945 -0.044363
v 0.693917 -0.083945 -0.044363
v -0.736002 -0.155783 -0.086328
v 0.736002 -0.155783 -0.086328
v -0.786423 0.006842 0.128939
v 0.786423 0.006842 0.128939
v -0.871194 -0.221652 0.344740
v 0.871194 -0.221652 0.344740
v -0.812723 -0.201427 -0.033223
v 0.812724 -0.201427 -0.033223
v -0.775182 -0.225624 0.004718
v 0.775182 -0.225624 0.004718
v -0.786391 -0.253464 0.059641
v 0.786391 -0.253464 0.059641
v -0.780888 -0.235181 0.128708
v 0.780888 -0.235181 0.128708
v -0.842017 -0.239614 0.226902
v 0.842017 -0.239614 0.226902
v -0.900696 -0.248793 0.298872
v 0.900696 -0.248793 0.298872
v -0.829524 -0.167210 0.285890
v 0.829525 -0.167210 0.285890
v -0.776391 -0.129827 0.140687
v 0.776391 -0.129827 0.140687
v -0.726315 -0.144003 0.010103
v 0.726315 -0.144003 0.010103
v -0.921217 -0.305545 0.266846
v 0.921217 -0.305545 0.266846
v -0.865167 -0.294576 0.204173
v 0.865167 -0.294576 0.204173
v -0.803637 -0.295256 0.133104
v 0.803637 -0.295256 0.133104
v -0.796292 -0.296048 0.087965
v 0.796292 -0.296048 0.087965
v -0.833621 -0.296281 0.049341
v 0.833621 -0.296281 0.049341
v -0.830491 -0.293275 0.002020
v 0.830491 -0.293275 0.002020
v -0.851281 -0.269400 -0.015924
v 0.851281 -0.269400 -0.015924
v -0.992867 -0.351240 0.315682
v 0.992867 -0.351240 0.315682
v -1.104784 -0.420414 0.341302
v 1.104784 -0.420414 0.341302
v -1.206761 -0.460324 0.295466
v 1.206761 -0.460324 0.295466
v -1.215461 -0.462250 0.169271
v 1.215461 -0.462250 0.169271
v -1.116811 -0.423876 0.049503
v 1.116811 -0.423876 0.049503
v -0.964054 -0.317739 -0.006595
v 0.964054 -0.317739 -0.006595
v -0.876095 -0.324995 0.067440
v 0.876095 -0.324995 0.067440
v -0.945608 -0.345351 0.116869
v 0.945608 -0.345350 0.116869
v -1.008433 -0.369771 0.177975
v 1.008433 -0.369771 0.177975
v -1.069495 -0.388269 0.226727
v 1.069495 -0.388269 0.226727
v -1.024601 -0.380605 0.279867
v 1.024601 -0.380605 0.279867
v -0.956207 -0.347409 0.231191
v 0.956207 -0.347409 0.231191
v -0.897040 -0.329664 0.171058
v 0.897041 -0.329664 0.171058
v -0.834039 -0.320677 0.113681
v 0.834039 -0.320677 0.113681
v -0.872938 -0.310290 0.013695
v 0.872938 -0.310290 0.013695
v -0.966475 -0.347510 0.044935
v 0.966475 -0.347510 0.044935
v -1.075691 -0.411055 0.101729
v 1.075691 -0.411055 0.101729
v -1.154072 -0.435866 0.183041
v 1.154072 -0.435866 0.183041
v -1.156218 -0.437955 0.265839
v 1.156218 -0.437955 0.265839
v -1.102712 -0.426885 0.311813
v 1.102712 -0.426885 0.311813
v -0.913177 -0.321604 -0.096832
v 0.913178 -0.321604 -0.096832
v -1.162332 -0.440722 -0.004612
v 1.162332 -0.440722 -0.004612
v -1.317280 -0.469587 0.186125
v 1.317280 -0.469587 0.186125
v -1.293320 -0.470767 0.387019
v 1.293320 -0.470767 0.387019
v -1.132316 -0.438396 0.456662
v 1.132316 -0.438396 0.456662
v -0.951796 -0.354672 0.412666
v 0.951796 -0.354672 0.412666
v -0.930637 -0.417382 0.154439
v 0.930637 -0.417382 0.154439
v -1.152805 -0.504459 0.218970
v 1.152805 -0.504459 0.218970
v -1.300265 -0.518747 0.271792
v 1.300265 -0.518747 0.271792
v -0.837139 -0.314129 0.343399
v 0.837139 -0.314129 0.343399
v -0.767063 -0.391162 0.131054
v 0.767063 -0.391162 0.131054
v -0.705187 -0.267168 -0.089275
v 0.705187 -0.267168 -0.089275
vn -0.1320 0.2602 -0.9565
vn -0.1300 0.5200 -0.8442
vn -0.0511 0.5224 -0.8511
vn -0.0537 0.2787 -0.9589
vn 0.0511 0.5225 -0.8511
vn 0.1300 0.5200 -0.8442
vn 0.1320 0.2602 -0.9565
vn 0.0537 0.2787 -0.9589
vn -0.3834 0.2954 -0.8751
vn -0.3511 0.6213 -0.7005
vn -0.2034 0.5371 -0.8186
vn -0.1981 0.2494 -0.9479
vn 0.2034 0.5371 -0.8186
vn 0.3511 0.6213 -0.7005
vn 0.3834 0.2954 -0.8751
vn 0.1981 0.2494 -0.9479
vn -0.8937 0.3876 -0.2258
vn -0.6151 0.7321 -0.2927
vn -0.5085 0.7091 -0.4885
vn -0.7083 0.3881 -0.5897
vn 0.5085 0.7091 -0.4885
vn 0.6151 0.7321 -0.2927
vn 0.8937 0.3876 -0.2258
vn 0.7083 0.3881 -0.5897
vn -0.9361 0.3462 0.0620
vn -0.7088 0.7053 -0.0144
vn -0.6850 0.7171 -0.1287
vn -0.9353 0.3528 -0.0282
vn 0.6850 0.7171 -0.1287
vn 0.7088 0.7053 -0.0144
vn 0.9361 0.3462 0.0620
vn 0.9353 0.3528 -0.0282
vn -0.9204 0.3577 0.1581
vn -0.7273 0.6798 0.0943
vn -0.7130 0.6996 0.0472
vn -0.9289 0.3538 0.1094
vn 0.7130 0.6996 0.0472
vn 0.7273 0.6798 0.0943
vn 0.9204 0.3577 0.1581
vn 0.9289 0.3538 0.1094
vn -0.4024 0.3914 -0.8276
vn -0.3441 0.4218 -0.8389
vn -0.3711 0.6274 -0.6846
vn -0.4058 0.6323 -0.6599
vn 0.3711 0.6274 -0.6846
vn 0.3441 0.4218 -0.8389
vn 0.4024 0.3914 -0.8276
vn 0.4058 0.6323 -0.6599
vn -0.4050 0.4451 -0.7987
vn -0.5286 0.4354 -0.7287
vn -0.4783 0.6617 -0.5774
vn -0.3981 0.6456 -0.6517
vn 0.4783 0.6617 -0.5774
vn 0.5286 0.4354 -0.7287
vn 0.4050 0.4451 -0.7987
vn 0.3981 0.6456 -0.6517
vn -0.6697 0.4106 -0.6188
vn -0.7694 0.4159 -0.4848
vn -0.6531 0.6532 -0.3831
vn -0.5911 0.6556 -0.4698
vn 0.6531 0.6532 -0.3831
vn 0.7694 0.4159 -0.4848
vn 0.6697 0.4106 -0.6188
vn 0.5911 0.6556 -0.4698
vn -0.8239 0.4444 -0.3516
vn -0.8637 0.4734 -0.1731
vn -0.6244 0.7246 -0.2917
vn -0.6511 0.6794 -0.3382
vn 0.6244 0.7246 -0.2917
vn 0.8637 0.4734 -0.1731
vn 0.8239 0.4444 -0.3516
vn 0.6511 0.6794 -0.3382
vn -0.8164 0.4956 0.2963
vn -0.5544 0.4334 0.7105
vn -0.5167 0.8302 0.2094
vn -0.6044 0.7870 -0.1236
vn 0.5167 0.8302 0.2094
vn 0.5544 0.4334 0.7105
vn 0.8164 0.4956 0.2963
vn 0.6044 0.7870 -0.1236
vn -0.5177 0.3774 0.7678
vn -0.5557 0.3716 0.7437
vn -0.4592 0.7971 0.3922
vn -0.4647 0.8031 0.3728
vn 0.4592 0.7971 0.3922
vn 0.5557 0.3716 0.7437
vn 0.5177 0.3774 0.7678
vn 0.4647 0.8031 0.3728
vn -0.5982 0.3972 0.6960
vn -0.5117 0.4330 0.7420
vn -0.3970 0.8425 0.3641
vn -0.4639 0.8087 0.3616
vn 0.3970 0.8425 0.3641
vn 0.5117 0.4330 0.7420
vn 0.5982 0.3972 0.6960
vn 0.4639 0.8087 0.3616
vn -0.1393 0.4891 0.8610
vn 0.4107 0.4811 0.7745
vn 0.1073 0.9304 0.3504
vn -0.1860 0.9049 0.3829
vn -0.1073 0.9304 0.3504
vn -0.4107 0.4811 0.7745
vn 0.1393 0.4891 0.8610
vn 0.1860 0.9049 0.3829
vn 0.7477 0.3925 0.5356
vn 0.8247 0.3306 0.4589
vn 0.4799 0.8377 0.2607
vn 0.3586 0.8901 0.2812
vn -0.4799 0.8377 0.2607
vn -0.8247 0.3306 0.4589
vn -0.7477 0.3925 0.5356
vn -0.3586 0.8901 0.2812
vn 0.7481 0.3311 0.5751
vn 0.3868 0.4072 0.8274
vn 0.2934 0.8809 0.3715
vn 0.4775 0.8230 0.3076
vn -0.2934 0.8809 0.3715
vn -0.3868 0.4072 0.8274
vn -0.7481 0.3311 0.5751
vn -0.4775 0.8230 0.3076
vn -0.3818 0.8717 -0.3072
vn -0.3576 0.8777 -0.3190
vn -0.2324 0.9568 -0.1745
vn -0.2012 0.9630 -0.1795
vn 0.2324 0.9568 -0.1745
vn 0.3576 0.8777 -0.3190
vn 0.3818 0.8717 -0.3072
vn 0.2012 0.9630 -0.1795
vn -0.2734 0.8984 -0.3438
vn -0.1616 0.9153 -0.3689
vn -0.1767 0.9633 -0.2018
vn -0.2123 0.9589 -0.1882
vn 0.1767 0.9633 -0.2018
vn 0.1616 0.9153 -0.3689
vn 0.2734 0.8984 -0.3438
vn 0.2123 0.9589 -0.1882
vn -0.0689 0.9228 -0.3791
vn -0.1455 0.9636 -0.2241
vn -0.1499 0.9660 -0.2108
vn -0.0742 0.9238 -0.3756
vn 0.1499 0.9660 -0.2108
vn 0.1455 0.9636 -0.2241
vn 0.0689 0.9228 -0.3791
vn 0.0742 0.9238 -0.3756
vn -0.0614 0.8784 -0.4739
vn -0.1654 0.9399 -0.2986
vn -0.1489 0.9551 -0.2561
vn -0.0802 0.9021 -0.4239
vn 0.1489 0.9551 -0.2561
vn 0.1654 0.9399 -0.2986
vn 0.0614 0.8784 -0.4739
vn 0.0802 0.9021 -0.4239
vn -0.1559 0.9473 -0.2798
vn -0.3201 0.8871 -0.3325
vn -0.2316 0.9135 -0.3345
vn -0.0758 0.9049 -0.4189
vn 0.2316 0.9135 -0.3345
vn 0.3201 0.8871 -0.3325
vn 0.1559 0.9473 -0.2798
vn 0.0758 0.9049 -0.4189
vn -0.3957 0.8990 -0.1878
vn -0.4976 0.8224 -0.2759
vn -0.4111 0.8651 -0.2875
vn -0.2810 0.9405 -0.1911
vn 0.4111 0.8651 -0.2875
vn 0.4976 0.8224 -0.2759
vn 0.3957 0.8990 -0.1878
vn 0.2810 0.9405 -0.1911
vn -0.4363 0.8509 -0.2926
vn -0.4893 0.8002 -0.3468
vn -0.5223 0.7998 -0.2958
vn -0.4432 0.8649 -0.2356
vn 0.5223 0.7998 -0.2958
vn 0.4893 0.8002 -0.3468
vn 0.4363 0.8509 -0.2926
vn 0.4432 0.8649 -0.2356
vn -0.3294 0.8692 -0.3687
vn -0.3740 0.8004 -0.4684
vn -0.4284 0.7924 -0.4343
vn -0.4004 0.8401 -0.3659
vn 0.4284 0.7924 -0.4343
vn 0.3740 0.8004 -0.4684
vn 0.3294 0.8692 -0.3687
vn 0.4004 0.8401 -0.3659
vn -0.2520 0.9657 -0.0625
vn -0.3388 0.9205 -0.1946
vn -0.3568 0.8521 -0.3828
vn -0.2911 0.9337 -0.2083
vn 0.3568 0.8521 -0.3828
vn 0.3388 0.9205 -0.1946
vn 0.2520 0.9657 -0.0625
vn 0.2911 0.9337 -0.2083
vn -0.0732 0.9969 0.0278
vn 0.0697 0.9965 0.0455
vn 0.0939 0.9907 0.0984
vn -0.0359 0.9993 0.0043
vn -0.0939 0.9907 0.0984
vn -0.0697 0.9965 0.0455
vn 0.0732 0.9969 0.0278
vn 0.0359 0.9993 0.0043
vn -0.3329 0.8982 -0.2872
vn -0.1299 0.9697 -0.2069
vn -0.0913 0.9716 -0.2181
vn -0.2471 0.9395 -0.2373
vn 0.0913 0.9716 -0.2181
vn 0.1299 0.9697 -0.2069
vn 0.3329 0.8982 -0.2872
vn 0.2471 0.9395 -0.2373
vn -0.1550 0.9678 -0.1983
vn -0.0737 0.9676 -0.2413
vn -0.0473 0.9666 -0.2518
vn -0.0581 0.9801 -0.1896
vn 0.0473 0.9666 -0.2518
vn 0.0737 0.9676 -0.2413
vn 0.1550 0.9678 -0.1983
vn 0.0581 0.9801 -0.1896
vn 0.0120 0.9985 -0.0527
vn 0.0521 0.9953 -0.0816
vn 0.0128 0.9851 -0.1716
vn -0.0168 0.9795 -0.2009
vn -0.0128 0.9851 -0.1716
vn -0.0521 0.9953 -0.0816
vn -0.0120 0.9985 -0.0527
vn 0.0168 0.9795 -0.2009
vn -0.0932 0.7571 -0.6466
vn -0.0304 0.7388 -0.6732
vn -0.0427 0.6464 -0.7618
vn -0.1145 0.6609 -0.7417
vn 0.0427 0.6464 -0.7618
vn 0.0304 0.7388 -0.6732
vn 0.0932 0.7571 -0.6466
vn 0.1145 0.6609 -0.7417
vn -0.2547 0.8628 -0.4366
vn -0.1636 0.8042 -0.5714
vn -0.1891 0.7057 -0.6828
vn -0.3043 0.7862 -0.5378
vn 0.1891 0.7057 -0.6828
vn 0.1636 0.8042 -0.5714
vn 0.2547 0.8628 -0.4366
vn 0.3043 0.7862 -0.5378
vn -0.3213 0.9274 -0.1914
vn -0.3200 0.9002 -0.2955
vn -0.3886 0.8413 -0.3757
vn -0.4236 0.8665 -0.2642
vn 0.3886 0.8413 -0.3757
vn 0.3200 0.9002 -0.2955
vn 0.3213 0.9274 -0.1914
vn 0.4236 0.8665 -0.2642
vn -0.4889 0.8720 0.0247
vn -0.2708 0.9625 -0.0165
vn -0.2764 0.9604 -0.0363
vn -0.4808 0.8768 -0.0060
vn 0.2764 0.9604 -0.0363
vn 0.2708 0.9625 -0.0165
vn 0.4889 0.8720 0.0247
vn 0.4808 0.8768 -0.0060
vn -0.2990 0.9443 -0.1377
vn -0.4572 0.8746 -0.1612
vn -0.4808 0.8750 -0.0570
vn -0.2907 0.9546 -0.0647
vn 0.4808 0.8750 -0.0570
vn 0.4572 0.8746 -0.1612
vn 0.2990 0.9443 -0.1377
vn 0.2907 0.9546 -0.0647
vn -0.1241 0.9900 -0.0670
vn -0.0240 0.9974 -0.0680
vn -0.0184 0.9998 -0.0064
vn -0.1151 0.9933 -0.0051
vn 0.0184 0.9998 -0.0064
vn 0.0240 0.9974 -0.0680
vn 0.1241 0.9900 -0.0670
vn 0.1151 0.9933 -0.0051
vn -0.1168 0.9919 -0.0506
vn -0.1156 0.9927 -0.0340
vn -0.0185 0.9990 -0.0405
vn -0.0181 0.9983 -0.0553
vn 0.0185 0.9990 -0.0405
vn 0.1156 0.9927 -0.0340
vn 0.1168 0.9919 -0.0506
vn 0.0181 0.9983 -0.0553
vn -0.0218 0.9971 -0.0729
vn -0.1342 0.9875 -0.0829
vn -0.1269 0.9905 -0.0531
vn -0.0203 0.9987 -0.0461
vn 0.1269 0.9905 -0.0531
vn 0.1342 0.9875 -0.0829
vn 0.0218 0.9971 -0.0729
vn 0.0203 0.9987 -0.0461
vn -0.8908 0.3566 -0.2815
vn -0.9264 0.1337 -0.3520
vn -0.6448 0.3171 -0.6955
vn -0.6029 0.6417 -0.4740
vn 0.6448 0.3171 -0.6955
vn 0.9264 0.1337 -0.3520
vn 0.8908 0.3566 -0.2815
vn 0.6029 0.6417 -0.4740
vn -0.8329 0.1759 0.5246
vn -0.8651 -0.0466 0.4994
vn -0.9935 0.0447 0.1048
vn -0.9717 0.1992 0.1269
vn 0.9935 0.0447 0.1048
vn 0.8651 -0.0466 0.4994
vn 0.8329 0.1759 0.5246
vn 0.9717 0.1992 0.1269
vn 0.0778 0.7548 0.6514
vn 0.1344 0.0905 0.9868
vn -0.4314 -0.1093 0.8955
vn -0.3524 0.5220 0.7767
vn 0.4314 -0.1093 0.8955
vn -0.1344 0.0905 0.9868
vn -0.0778 0.7547 0.6514
vn 0.3524 0.5220 0.7767
vn 0.5774 0.5392 0.6131
vn 0.5690 0.1418 0.8100
vn 0.5857 0.3080 0.7497
vn 0.3525 0.8509 0.3896
vn -0.5857 0.3080 0.7497
vn -0.5690 0.1418 0.8100
vn -0.5774 0.5392 0.6131
vn -0.3525 0.8509 0.3896
vn -0.0951 0.8774 -0.4702
vn -0.2846 0.8228 -0.4919
vn -0.4156 0.4651 -0.7816
vn -0.1712 0.5294 -0.8309
vn 0.4156 0.4651 -0.7816
vn 0.2846 0.8228 -0.4919
vn 0.0951 0.8774 -0.4702
vn 0.1712 0.5294 -0.8309
vn -0.1483 0.6489 -0.7463
vn -0.3436 0.5966 -0.7253
vn -0.2190 0.7691 -0.6005
vn -0.0889 0.8299 -0.5508
vn 0.2190 0.7691 -0.6005
vn 0.3436 0.5966 -0.7253
vn 0.1483 0.6489 -0.7463
vn 0.0889 0.8299 -0.5508
vn 0.4226 0.3539 0.8343
vn 0.2218 0.8176 0.5313
vn 0.2963 0.7598 0.5786
vn 0.4952 0.4204 0.7603
vn -0.2963 0.7598 0.5786
vn -0.2218 0.8176 0.5313
vn -0.4226 0.3540 0.8343
vn -0.4952 0.4204 0.7603
vn 0.1131 0.3780 0.9189
vn 0.0287 0.7479 0.6632
vn -0.2606 0.7533 0.6038
vn -0.4246 0.3236 0.8456
vn 0.2606 0.7533 0.6038
vn -0.0287 0.7479 0.6632
vn -0.1131 0.3780 0.9189
vn 0.4246 0.3236 0.8456
vn -0.8099 0.3495 0.4711
vn -0.5218 0.7780 0.3500
vn -0.5040 0.8607 0.0718
vn -0.9108 0.4001 0.1023
vn 0.5040 0.8607 0.0718
vn 0.5218 0.7780 0.3500
vn 0.8099 0.3495 0.4711
vn 0.9108 0.4001 0.1023
vn -0.8078 0.4453 -0.3862
vn -0.4118 0.8501 -0.3282
vn -0.3141 0.7498 -0.5824
vn -0.5062 0.5130 -0.6933
vn 0.3141 0.7498 -0.5824
vn 0.4118 0.8501 -0.3282
vn 0.8078 0.4453 -0.3862
vn 0.5062 0.5130 -0.6933
vn 0.0096 0.9872 0.1590
vn -0.1295 0.9896 0.0624
vn -0.1560 0.9431 0.2937
vn 0.0173 0.9359 0.3518
vn 0.1560 0.9431 0.2937
vn 0.1295 0.9896 0.0624
vn -0.0096 0.9872 0.1590
vn -0.0173 0.9359 0.3518
vn 0.0172 0.9888 -0.1481
vn -0.0330 0.9214 -0.3872
vn -0.1178 0.8869 -0.4467
vn -0.0955 0.9677 -0.2333
vn 0.1178 0.8869 -0.4467
vn 0.0330 0.9214 -0.3872
vn -0.0172 0.9888 -0.1481
vn 0.0955 0.9677 -0.2333
vn 0.0824 0.9966 0.0079
vn 0.1693 0.9815 -0.0894
vn 0.0018 0.9998 0.0194
vn 0.1482 0.9888 0.0169
vn -0.0018 0.9998 0.0194
vn -0.1693 0.9815 -0.0894
vn -0.0824 0.9966 0.0079
vn -0.1482 0.9888 0.0169
vn -0.1003 0.9910 -0.0880
vn -0.6257 0.7785 -0.0497
vn -0.7408 0.6650 -0.0948
vn -0.4400 0.8783 -0.1871
vn 0.7408 0.6650 -0.0948
vn 0.6257 0.7785 -0.0498
vn 0.1003 0.9910 -0.0880
vn 0.4400 0.8783 -0.1871
vn -0.6450 0.7438 -0.1751
vn -0.4574 0.8702 -0.1830
vn -0.6685 0.7436 0.0089
vn -0.7448 0.6642 -0.0644
vn 0.6685 0.7436 0.0089
vn 0.4574 0.8702 -0.1830
vn 0.6450 0.7438 -0.1751
vn 0.7448 0.6642 -0.0644
vn -0.3356 0.9415 -0.0302
vn -0.2778 0.9606 0.0082
vn -0.5189 0.8526 0.0614
vn -0.5804 0.8111 0.0725
vn 0.5189 0.8526 0.0614
vn 0.2778 0.9606 0.0082
vn 0.3356 0.9415 -0.0302
vn 0.5804 0.8111 0.0725
vn -0.9069 0.3491 0.2358
vn -0.8977 0.3256 0.2969
vn -0.7929 0.5733 0.2062
vn -0.7549 0.6365 0.1580
vn 0.7929 0.5733 0.2062
vn 0.8977 0.3256 0.2969
vn 0.9069 0.3491 0.2358
vn 0.7549 0.6365 0.1580
vn -0.9094 0.3048 0.2829
vn -0.9263 0.2888 0.2419
vn -0.8815 0.4575 0.1166
vn -0.8393 0.5113 0.1847
vn 0.8815 0.4575 0.1166
vn 0.9263 0.2888 0.2419
vn 0.9094 0.3048 0.2829
vn 0.8393 0.5113 0.1847
vn -0.7756 0.3618 -0.5172
vn -0.7739 0.5583 -0.2991
vn -0.9019 0.4317 0.0164
vn -0.9526 0.2834 0.1103
vn 0.9019 0.4317 0.0164
vn 0.7739 0.5583 -0.2991
vn 0.7756 0.3618 -0.5172
vn 0.9526 0.2834 0.1103
vn -0.0821 0.9680 -0.2370
vn -0.0372 0.9363 -0.3492
vn -0.0844 0.4662 -0.8807
vn 0.0308 0.4916 -0.8703
vn 0.0844 0.4662 -0.8806
vn 0.0372 0.9363 -0.3492
vn 0.0821 0.9680 -0.2370
vn -0.0308 0.4916 -0.8703
vn -0.1784 0.9505 -0.2543
vn -0.1686 0.9691 -0.1802
vn 0.6184 0.6177 -0.4858
vn 0.7183 0.6903 -0.0864
vn -0.6184 0.6177 -0.4858
vn 0.1686 0.9691 -0.1802
vn 0.1784 0.9505 -0.2543
vn -0.7183 0.6903 -0.0864
vn -0.0416 0.9170 -0.3966
vn -0.1094 0.9319 -0.3458
vn 0.6404 0.7542 0.1454
vn 0.5087 0.7771 0.3706
vn -0.6404 0.7542 0.1454
vn 0.1094 0.9319 -0.3458
vn 0.0416 0.9170 -0.3966
vn -0.5087 0.7771 0.3706
vn -0.0008 0.9191 -0.3939
vn -0.0108 0.9163 -0.4003
vn 0.3058 0.7583 0.5757
vn 0.0854 0.7379 0.6695
vn -0.3058 0.7583 0.5757
vn 0.0108 0.9163 -0.4003
vn 0.0008 0.9191 -0.3939
vn -0.0854 0.7379 0.6695
vn 0.0972 0.4532 0.8861
vn 0.3538 0.4204 0.8355
vn 0.2657 0.7104 0.6517
vn 0.0740 0.7776 0.6243
vn -0.2657 0.7104 0.6517
vn -0.3538 0.4204 0.8355
vn -0.0972 0.4532 0.8861
vn -0.0740 0.7776 0.6243
vn 0.6259 0.3398 0.7020
vn 0.8526 0.2389 0.4647
vn 0.8368 0.2419 0.4911
vn 0.5515 0.5021 0.6661
vn -0.8368 0.2419 0.4911
vn -0.8526 0.2389 0.4647
vn -0.6259 0.3398 0.7020
vn -0.5515 0.5021 0.6661
vn 0.9817 0.1592 0.1045
vn 0.8118 0.1939 -0.5508
vn 0.6476 0.4131 -0.6403
vn 0.9782 0.1765 0.1090
vn -0.6476 0.4131 -0.6403
vn -0.8118 0.1939 -0.5508
vn -0.9817 0.1592 0.1045
vn -0.9782 0.1765 0.1090
vn 0.0206 0.2545 -0.9669
vn -0.0902 0.2627 -0.9607
vn -0.0729 0.5233 -0.8490
vn -0.0243 0.5024 -0.8643
vn 0.0729 0.5233 -0.8490
vn 0.0902 0.2627 -0.9607
vn -0.0206 0.2545 -0.9669
vn 0.0243 0.5024 -0.8643
vn -0.0317 0.8737 -0.4855
vn 0.0095 0.9977 -0.0665
vn 0.0206 0.9983 -0.0539
vn -0.0541 0.8617 -0.5045
vn -0.0206 0.9983 -0.0539
vn -0.0095 0.9977 -0.0665
vn 0.0317 0.8737 -0.4855
vn 0.0541 0.8617 -0.5045
vn 0.1293 0.8536 -0.5047
vn 0.1375 0.9891 0.0529
vn 0.7919 0.5918 0.1503
vn -0.7919 0.5918 0.1503
vn -0.1375 0.9891 0.0529
vn -0.1293 0.8536 -0.5047
vn 0.1630 0.9746 -0.1536
vn 0.1841 0.9709 -0.1531
vn 0.2130 0.9654 -0.1505
vn 0.1613 0.9801 -0.1159
vn -0.2130 0.9654 -0.1505
vn -0.1841 0.9709 -0.1531
vn -0.1630 0.9746 -0.1536
vn -0.1613 0.9801 -0.1159
vn -0.0006 0.9955 -0.0947
vn 0.0960 0.9885 -0.1171
vn 0.1144 0.9913 -0.0657
vn 0.0598 0.9976 -0.0361
vn -0.1144 0.9913 -0.0657
vn -0.0960 0.9885 -0.1171
vn 0.0006 0.9955 -0.0947
vn -0.0598 0.9976 -0.0361
vn -0.1617 0.9800 -0.1156
vn -0.0894 0.9908 -0.1018
vn 0.0069 0.9996 -0.0287
vn -0.0349 0.9993 -0.0130
vn -0.0069 0.9996 -0.0287
vn 0.0894 0.9908 -0.1018
vn 0.1617 0.9800 -0.1156
vn 0.0349 0.9993 -0.0130
vn 0.1611 0.9779 -0.1333
vn 0.0201 0.9777 -0.2093
vn 0.1669 0.8984 -0.4063
vn 0.2577 0.9425 -0.2130
vn -0.1669 0.8984 -0.4063
vn -0.0201 0.9777 -0.2092
vn -0.1611 0.9779 -0.1333
vn -0.2577 0.9425 -0.2130
vn -0.1072 0.9460 -0.3060
vn -0.1660 0.8850 -0.4350
vn -0.1018 0.8370 -0.5376
vn 0.0263 0.8527 -0.5217
vn 0.1018 0.8370 -0.5376
vn 0.1660 0.8850 -0.4350
vn 0.1072 0.9460 -0.3060
vn -0.0263 0.8527 -0.5217
vn -0.2909 0.8027 -0.5206
vn -0.4340 0.7730 -0.4628
vn -0.4282 0.7943 -0.4310
vn -0.2718 0.8157 -0.5107
vn 0.4282 0.7943 -0.4310
vn 0.4340 0.7730 -0.4628
vn 0.2909 0.8027 -0.5206
vn 0.2718 0.8157 -0.5107
vn -0.4903 0.7929 -0.3620
vn -0.4923 0.8318 -0.2566
vn -0.4683 0.8623 -0.1926
vn -0.4874 0.8138 -0.3165
vn 0.4683 0.8623 -0.1926
vn 0.4923 0.8318 -0.2566
vn 0.4903 0.7929 -0.3620
vn 0.4874 0.8138 -0.3165
vn -0.4539 0.8776 -0.1543
vn -0.3849 0.9176 -0.0992
vn -0.4036 0.9124 -0.0676
vn -0.4263 0.8977 -0.1112
vn 0.4036 0.9124 -0.0676
vn 0.3849 0.9176 -0.0992
vn 0.4539 0.8776 -0.1543
vn 0.4263 0.8977 -0.1112
vn -0.3060 0.9470 -0.0977
vn -0.2667 0.9522 -0.1489
vn -0.4041 0.9147 -0.0043
vn -0.3886 0.9210 -0.0276
vn 0.4041 0.9147 -0.0043
vn 0.2667 0.9522 -0.1489
vn 0.3060 0.9470 -0.0977
vn 0.3886 0.9210 -0.0276
vn -0.2981 0.9464 -0.1241
vn -0.3097 0.9508 -0.0071
vn -0.4302 0.8437 0.3211
vn -0.4527 0.8835 0.1204
vn 0.4302 0.8437 0.3211
vn 0.3097 0.9508 -0.0071
vn 0.2981 0.9464 -0.1241
vn 0.4527 0.8835 0.1204
vn -0.2274 0.9738 0.0050
vn -0.1322 0.9870 -0.0914
vn -0.1449 0.9502 0.2759
vn -0.2999 0.8735 0.3834
vn 0.1449 0.9502 0.2759
vn 0.1322 0.9870 -0.0914
vn 0.2274 0.9738 0.0050
vn 0.2999 0.8735 0.3834
vn -0.1638 0.9746 -0.1528
vn -0.2185 0.9644 -0.1491
vn -0.1461 0.9793 0.1402
vn -0.1430 0.9749 0.1706
vn 0.1461 0.9793 0.1402
vn 0.2185 0.9644 -0.1491
vn 0.1638 0.9746 -0.1528
vn 0.1430 0.9749 0.1706
vn -0.2297 0.9640 -0.1342
vn -0.2117 0.9694 -0.1243
vn -0.0631 0.9975 0.0323
vn -0.0954 0.9909 0.0953
vn 0.0631 0.9975 0.0323
vn 0.2117 0.9694 -0.1243
vn 0.2297 0.9640 -0.1342
vn 0.0954 0.9909 0.0953
vn -0.1645 0.9823 -0.0893
vn -0.2204 0.9600 -0.1730
vn -0.3746 0.8312 -0.4109
vn -0.2500 0.9033 -0.3485
vn 0.3746 0.8312 -0.4109
vn 0.2204 0.9600 -0.1730
vn 0.1645 0.9823 -0.0893
vn 0.2500 0.9033 -0.3485
vn -0.1256 0.9920 -0.0160
vn -0.1793 0.9837 -0.0099
vn -0.2298 0.9365 -0.2648
vn -0.1435 0.9359 -0.3218
vn 0.2298 0.9365 -0.2648
vn 0.1793 0.9838 -0.0099
vn 0.1256 0.9920 -0.0160
vn 0.1435 0.9359 -0.3218
vn -0.1477 0.9852 -0.0869
vn -0.0325 0.9989 -0.0346
vn 0.0242 0.8663 -0.4989
vn 0.0623 0.7144 -0.6969
vn -0.0242 0.8663 -0.4989
vn 0.0325 0.9989 -0.0346
vn 0.1476 0.9852 -0.0869
vn -0.0623 0.7144 -0.6969
vn -0.2285 0.8815 -0.4131
vn -0.2682 0.9217 -0.2804
vn 0.0386 0.6265 -0.7785
vn 0.0474 0.6809 -0.7309
vn -0.0386 0.6265 -0.7785
vn 0.2682 0.9217 -0.2804
vn 0.2285 0.8815 -0.4131
vn -0.0474 0.6809 -0.7309
vn -0.0315 0.9902 -0.1361
vn -0.1121 0.9389 -0.3255
vn 0.1687 0.8256 -0.5384
vn 0.3150 0.9223 -0.2242
vn -0.1687 0.8256 -0.5384
vn 0.1121 0.9389 -0.3255
vn 0.0315 0.9902 -0.1361
vn -0.3150 0.9223 -0.2242
vn -0.0782 0.9958 0.0478
vn -0.0345 0.9981 -0.0506
vn 0.3272 0.9448 -0.0184
vn 0.2411 0.9523 0.1871
vn -0.3272 0.9448 -0.0184
vn 0.0345 0.9981 -0.0506
vn 0.0782 0.9958 0.0478
vn -0.2411 0.9523 0.1871
vn -0.2224 0.9695 0.1028
vn -0.1584 0.9800 0.1207
vn 0.1408 0.9266 0.3486
vn 0.1031 0.8846 0.4547
vn -0.1408 0.9266 0.3486
vn 0.1584 0.9800 0.1207
vn 0.2224 0.9695 0.1028
vn -0.1031 0.8846 0.4547
vn -0.2431 0.9699 0.0134
vn -0.2448 0.9684 0.0478
vn 0.0346 0.8432 0.5365
vn -0.1339 0.8150 0.5637
vn -0.0346 0.8432 0.5365
vn 0.2448 0.9684 0.0477
vn 0.2431 0.9699 0.0134
vn 0.1339 0.8150 0.5637
vn -0.2227 0.9735 0.0512
vn -0.2391 0.9710 0.0096
vn -0.2805 0.7878 0.5484
vn -0.3543 0.7553 0.5513
vn 0.2805 0.7878 0.5484
vn 0.2391 0.9710 0.0096
vn 0.2227 0.9735 0.0512
vn 0.3543 0.7553 0.5513
vn -0.2669 0.9399 0.2129
vn -0.2034 0.9657 0.1614
vn -0.4210 0.7305 0.5377
vn -0.5522 0.7131 0.4320
vn 0.4210 0.7305 0.5377
vn 0.2034 0.9657 0.1614
vn 0.2669 0.9399 0.2129
vn 0.5522 0.7131 0.4320
vn -0.3093 0.9330 -0.1838
vn -0.3787 0.9130 -0.1515
vn -0.6768 0.6739 -0.2965
vn -0.5379 0.7530 -0.3789
vn 0.6767 0.6739 -0.2965
vn 0.3787 0.9130 -0.1516
vn 0.3093 0.9330 -0.1838
vn 0.5379 0.7530 -0.3789
vn -0.4301 0.8972 -0.0998
vn -0.4624 0.8856 -0.0447
vn -0.7785 0.6264 -0.0403
vn -0.7612 0.6277 -0.1630
vn 0.7785 0.6264 -0.0403
vn 0.4624 0.8856 -0.0447
vn 0.4301 0.8972 -0.0998
vn 0.7612 0.6277 -0.1630
vn -0.4660 0.8846 0.0164
vn -0.4031 0.9073 0.1197
vn -0.6988 0.6743 0.2386
vn -0.7649 0.6405 0.0685
vn 0.6988 0.6743 0.2386
vn 0.4031 0.9073 0.1197
vn 0.4660 0.8846 0.0164
vn 0.7649 0.6405 0.0685
vn 0.3578 0.0417 0.9329
vn 0.7466 -0.0803 0.6604
vn 0.5685 -0.1957 0.7991
vn 0.2670 0.1224 0.9559
vn -0.5685 -0.1957 0.7991
vn -0.7466 -0.0803 0.6604
vn -0.3578 0.0417 0.9329
vn -0.2670 0.1224 0.9559
vn 0.8529 -0.1676 0.4945
vn 0.8094 -0.1721 0.5615
vn 0.6667 -0.6005 0.4415
vn 0.6784 -0.5384 0.4998
vn -0.6667 -0.6005 0.4415
vn -0.8094 -0.1721 0.5615
vn -0.8529 -0.1676 0.4945
vn -0.6784 -0.5384 0.4998
vn 0.5089 -0.1558 0.8466
vn -0.0449 -0.1260 0.9910
vn 0.0784 -0.6137 0.7856
vn 0.4250 -0.6081 0.6705
vn -0.0784 -0.6137 0.7856
vn 0.0449 -0.1260 0.9910
vn -0.5089 -0.1558 0.8466
vn -0.4250 -0.6081 0.6705
vn -0.4773 -0.0966 0.8734
vn -0.5625 -0.1080 0.8197
vn -0.3070 -0.6154 0.7260
vn -0.3006 -0.6207 0.7241
vn 0.3070 -0.6154 0.7260
vn 0.5625 -0.1080 0.8197
vn 0.4773 -0.0966 0.8734
vn 0.3006 -0.6207 0.7241
vn -0.4901 -0.0977 0.8662
vn -0.4382 -0.0690 0.8962
vn -0.3608 -0.2396 0.9014
vn -0.2716 -0.4087 0.8713
vn 0.3608 -0.2396 0.9014
vn 0.4382 -0.0690 0.8962
vn 0.4901 -0.0977 0.8662
vn 0.2716 -0.4087 0.8713
vn -0.4512 -0.0552 0.8907
vn -0.7696 -0.0769 0.6339
vn -0.6780 -0.2743 0.6820
vn -0.3994 -0.2188 0.8903
vn 0.6780 -0.2743 0.6820
vn 0.7696 -0.0769 0.6339
vn 0.4512 -0.0552 0.8907
vn 0.3994 -0.2188 0.8903
vn -0.9917 -0.0783 0.1024
vn -0.9645 -0.0540 -0.2586
vn -0.9687 -0.1671 -0.1835
vn -0.9364 -0.2655 0.2296
vn 0.9687 -0.1671 -0.1835
vn 0.9645 -0.0540 -0.2586
vn 0.9917 -0.0783 0.1024
vn 0.9364 -0.2655 0.2296
vn -0.8247 -0.0345 -0.5645
vn -0.6658 -0.0204 -0.7458
vn -0.6784 -0.0372 -0.7337
vn -0.8378 -0.0870 -0.5390
vn 0.6784 -0.0372 -0.7337
vn 0.6658 -0.0204 -0.7458
vn 0.8247 -0.0345 -0.5645
vn 0.8378 -0.0870 -0.5390
vn -0.5389 0.0006 -0.8423
vn -0.4111 0.0359 -0.9109
vn -0.4152 -0.0197 -0.9095
vn -0.5426 -0.0210 -0.8397
vn 0.4152 -0.0197 -0.9095
vn 0.4111 0.0359 -0.9109
vn 0.5389 0.0006 -0.8423
vn 0.5426 -0.0210 -0.8397
vn -0.1075 -0.9273 -0.3586
vn -0.1147 -0.7571 -0.6431
vn -0.4009 -0.6767 -0.6175
vn -0.3207 -0.8735 -0.3662
vn 0.4009 -0.6767 -0.6175
vn 0.1147 -0.7571 -0.6431
vn 0.1075 -0.9273 -0.3586
vn 0.3207 -0.8735 -0.3662
vn -0.0915 -0.9765 -0.1950
vn -0.1075 -0.9785 -0.1758
vn -0.2451 -0.9565 -0.1580
vn -0.1783 -0.9726 -0.1491
vn 0.2451 -0.9565 -0.1580
vn 0.1075 -0.9785 -0.1758
vn 0.0915 -0.9765 -0.1950
vn 0.1783 -0.9726 -0.1491
vn -0.0363 -0.8012 -0.5973
vn -0.0634 -0.9278 -0.3677
vn -0.1101 -0.9471 -0.3016
vn -0.0529 -0.8424 -0.5362
vn 0.1101 -0.9471 -0.3016
vn 0.0634 -0.9278 -0.3677
vn 0.0363 -0.8012 -0.5973
vn 0.0529 -0.8424 -0.5362
vn -0.1112 -0.0893 -0.9898
vn -0.0488 -0.0569 -0.9972
vn -0.0365 -0.4834 -0.8747
vn -0.0669 -0.5279 -0.8467
vn 0.0365 -0.4834 -0.8747
vn 0.0488 -0.0569 -0.9972
vn 0.1112 -0.0893 -0.9898
vn 0.0669 -0.5279 -0.8467
vn -0.3763 -0.1597 -0.9126
vn -0.1583 -0.1244 -0.9795
vn -0.0772 -0.5824 -0.8092
vn -0.2585 -0.6139 -0.7458
vn 0.0772 -0.5824 -0.8092
vn 0.1583 -0.1244 -0.9795
vn 0.3763 -0.1597 -0.9126
vn 0.2585 -0.6139 -0.7458
vn -0.9899 -0.1327 -0.0506
vn -0.8468 -0.1659 -0.5054
vn -0.7059 -0.6353 -0.3130
vn -0.8058 -0.5915 0.0283
vn 0.7059 -0.6353 -0.3130
vn 0.8468 -0.1659 -0.5054
vn 0.9899 -0.1327 -0.0506
vn 0.8058 -0.5915 0.0283
vn -0.9815 -0.1385 0.1322
vn -0.9865 -0.1358 0.0913
vn -0.8317 -0.5411 0.1242
vn -0.8498 -0.5098 0.1340
vn 0.8317 -0.5411 0.1242
vn 0.9865 -0.1359 0.0913
vn 0.9815 -0.1385 0.1322
vn 0.8498 -0.5098 0.1340
vn -0.4296 -0.9026 0.0265
vn -0.1948 -0.9775 -0.0813
vn -0.3152 -0.9445 -0.0927
vn -0.5421 -0.8397 0.0320
vn 0.3152 -0.9445 -0.0927
vn 0.1948 -0.9775 -0.0813
vn 0.4296 -0.9026 0.0265
vn 0.5421 -0.8397 0.0320
vn -0.3158 -0.9449 -0.0861
vn -0.1964 -0.9187 -0.3426
vn -0.0369 -0.8918 -0.4509
vn -0.1018 -0.9724 -0.2098
vn 0.0369 -0.8918 -0.4509
vn 0.1964 -0.9187 -0.3426
vn 0.3158 -0.9449 -0.0861
vn 0.1018 -0.9724 -0.2098
vn -0.8468 -0.5232 -0.0958
vn -0.6887 -0.7236 -0.0458
vn -0.5078 -0.8210 -0.2611
vn -0.7041 -0.5732 -0.4191
vn 0.5078 -0.8210 -0.2611
vn 0.6887 -0.7236 -0.0458
vn 0.8468 -0.5232 -0.0958
vn 0.7041 -0.5732 -0.4191
vn -0.9801 -0.0955 0.1739
vn -0.9810 -0.1311 0.1429
vn -0.8750 -0.4715 0.1095
vn -0.9135 -0.3900 0.1155
vn 0.8750 -0.4715 0.1095
vn 0.9810 -0.1311 0.1429
vn 0.9801 -0.0955 0.1739
vn 0.9135 -0.3900 0.1155
vn -0.9608 0.0752 0.2668
vn -0.9901 0.1154 -0.0795
vn -0.9302 0.3634 -0.0521
vn -0.9559 0.1349 0.2609
vn 0.9302 0.3634 -0.0521
vn 0.9901 0.1154 -0.0795
vn 0.9608 0.0752 0.2668
vn 0.9559 0.1349 0.2609
vn -0.9684 -0.0392 0.2462
vn -0.9471 -0.2804 0.1563
vn -0.9946 -0.1041 0.0053
vn -0.9566 0.0162 0.2910
vn 0.9946 -0.1041 0.0053
vn 0.9471 -0.2804 0.1563
vn 0.9684 -0.0392 0.2462
vn 0.9566 0.0162 0.2910
vn -0.7562 0.1626 -0.6338
vn -0.9772 0.1649 0.1338
vn -0.8711 0.4817 -0.0962
vn -0.7094 0.1524 -0.6881
vn 0.8711 0.4817 -0.0962
vn 0.9772 0.1649 0.1338
vn 0.7562 0.1626 -0.6338
vn 0.7094 0.1524 -0.6881
vn -0.3775 0.1307 -0.9167
vn -0.3729 -0.0488 -0.9266
vn -0.3135 -0.0043 -0.9496
vn -0.3243 0.0860 -0.9420
vn 0.3135 -0.0043 -0.9496
vn 0.3729 -0.0488 -0.9266
vn 0.3775 0.1307 -0.9167
vn 0.3243 0.0860 -0.9420
vn -0.1597 -0.9177 -0.3638
vn -0.3496 -0.8611 -0.3692
vn -0.3425 -0.7137 -0.6110
vn -0.1505 -0.7692 -0.6210
vn 0.3425 -0.7137 -0.6110
vn 0.3496 -0.8611 -0.3692
vn 0.1597 -0.9177 -0.3638
vn 0.1505 -0.7692 -0.6210
vn -0.1427 -0.5793 -0.8025
vn -0.3542 -0.5230 -0.7753
vn -0.3587 -0.3412 -0.8689
vn -0.1356 -0.3883 -0.9115
vn 0.3587 -0.3412 -0.8689
vn 0.3542 -0.5230 -0.7753
vn 0.1427 -0.5793 -0.8025
vn 0.1356 -0.3883 -0.9115
vn -0.1346 -0.2336 -0.9630
vn -0.3711 -0.1832 -0.9103
vn -0.4258 -0.0951 -0.8998
vn -0.1462 -0.1676 -0.9750
vn 0.4258 -0.0951 -0.8998
vn 0.3711 -0.1832 -0.9103
vn 0.1346 -0.2336 -0.9630
vn 0.1462 -0.1676 -0.9750
vn -0.1548 -0.1946 -0.9686
vn -0.4672 -0.1447 -0.8722
vn -0.4623 -0.3673 -0.8071
vn -0.1437 -0.4244 -0.8940
vn 0.4623 -0.3673 -0.8071
vn 0.4672 -0.1447 -0.8722
vn 0.1548 -0.1946 -0.9686
vn 0.1437 -0.4244 -0.8940
vn -0.9453 -0.3045 -0.1173
vn -0.8067 -0.2820 -0.5193
vn -0.7634 0.0015 -0.6459
vn -0.9289 -0.0363 -0.3686
vn 0.7634 0.0015 -0.6459
vn 0.8067 -0.2820 -0.5193
vn 0.9453 -0.3045 -0.1173
vn 0.9289 -0.0363 -0.3686
vn -0.8818 0.1013 -0.4606
vn -0.7346 0.1515 -0.6614
vn -0.7845 0.1870 -0.5913
vn -0.9224 0.1498 -0.3561
vn 0.7845 0.1870 -0.5913
vn 0.7346 0.1515 -0.6614
vn 0.8818 0.1013 -0.4606
vn 0.9224 0.1498 -0.3561
vn -0.1606 -0.9765 0.1435
vn -0.3605 -0.9285 0.0891
vn -0.3535 -0.9189 -0.1752
vn -0.1598 -0.9782 -0.1324
vn 0.3535 -0.9189 -0.1752
vn 0.3605 -0.9285 0.0891
vn 0.1606 -0.9765 0.1435
vn 0.1598 -0.9782 -0.1324
vn -0.0713 0.4223 0.9036
vn -0.2536 0.4210 0.8709
vn -0.2210 0.1316 0.9664
vn -0.0593 0.1295 0.9898
vn 0.2210 0.1316 0.9664
vn 0.2536 0.4210 0.8709
vn 0.0713 0.4223 0.9036
vn 0.0593 0.1295 0.9898
vn -0.0603 -0.1106 0.9920
vn -0.2114 -0.1153 0.9706
vn -0.2446 -0.4105 0.8784
vn -0.0860 -0.3866 0.9182
vn 0.2446 -0.4105 0.8784
vn 0.2114 -0.1153 0.9706
vn 0.0603 -0.1106 0.9920
vn 0.0860 -0.3866 0.9182
vn -0.1314 -0.6643 0.7358
vn -0.3131 -0.6698 0.6733
vn -0.3601 -0.8327 0.4207
vn -0.1594 -0.8629 0.4796
vn 0.3601 -0.8327 0.4207
vn 0.3131 -0.6698 0.6733
vn 0.1314 -0.6643 0.7358
vn 0.1594 -0.8629 0.4796
vn -0.4351 -0.1208 0.8922
vn -0.6902 -0.1732 0.7025
vn -0.7306 0.1224 0.6718
vn -0.5091 0.2064 0.8356
vn 0.7306 0.1224 0.6718
vn 0.6902 -0.1732 0.7025
vn 0.4351 -0.1208 0.8922
vn 0.5091 0.2064 0.8356
vn -0.5265 0.5077 0.6820
vn -0.7182 0.4105 0.5619
vn -0.7195 0.4323 0.5436
vn -0.5650 0.5125 0.6467
vn 0.7195 0.4323 0.5436
vn 0.7182 0.4105 0.5619
vn 0.5265 0.5077 0.6820
vn 0.5650 0.5125 0.6467
vn -0.6419 0.3034 0.7042
vn -0.7795 0.2416 0.5779
vn -0.8226 0.0363 0.5674
vn -0.6834 0.0686 0.7268
vn 0.8226 0.0363 0.5674
vn 0.7795 0.2416 0.5779
vn 0.6419 0.3034 0.7042
vn 0.6834 0.0686 0.7268
vn -0.6961 -0.1357 0.7050
vn -0.8406 -0.1225 0.5276
vn -0.8171 -0.3331 0.4705
vn -0.6750 -0.4153 0.6098
vn 0.8171 -0.3331 0.4705
vn 0.8406 -0.1225 0.5276
vn 0.6961 -0.1357 0.7050
vn 0.6750 -0.4153 0.6098
vn -0.7383 -0.6675 0.0970
vn -0.6153 -0.7767 0.1347
vn -0.6283 -0.6749 0.3870
vn -0.7775 -0.5665 0.2729
vn 0.6283 -0.6749 0.3870
vn 0.6153 -0.7767 0.1347
vn 0.7383 -0.6675 0.0970
vn 0.7775 -0.5665 0.2729
vn -0.4494 -0.8252 0.3422
vn -0.4103 -0.6916 0.5944
vn -0.5076 -0.7043 0.4963
vn -0.5294 -0.8146 0.2370
vn 0.5076 -0.7043 0.4963
vn 0.4103 -0.6916 0.5944
vn 0.4494 -0.8252 0.3422
vn 0.5294 -0.8146 0.2370
vn -0.4072 -0.4339 0.8037
vn -0.4423 -0.1226 0.8885
vn -0.6230 -0.1289 0.7715
vn -0.5612 -0.4355 0.7038
vn 0.6230 -0.1289 0.7715
vn 0.4423 -0.1226 0.8885
vn 0.4072 -0.4339 0.8037
vn 0.5612 -0.4355 0.7038
vn -0.4777 0.1146 0.8710
vn -0.5164 0.3727 0.7710
vn -0.6596 0.3138 0.6830
vn -0.6483 0.0854 0.7565
vn 0.6596 0.3138 0.6830
vn 0.5164 0.3727 0.7710
vn 0.4777 0.1146 0.8710
vn 0.6483 0.0854 0.7565
vn -0.5289 0.5793 0.6201
vn -0.4967 0.6053 0.6220
vn -0.5925 0.5165 0.6182
vn -0.6389 0.5045 0.5808
vn 0.5925 0.5165 0.6182
vn 0.4967 0.6053 0.6220
vn 0.5289 0.5793 0.6201
vn 0.6389 0.5045 0.5808
vn -0.2008 -0.2276 0.9528
vn -0.3636 -0.1236 0.9233
vn -0.4858 0.2482 0.8381
vn -0.3695 0.3477 0.8617
vn 0.4858 0.2482 0.8381
vn 0.3636 -0.1236 0.9233
vn 0.2008 -0.2276 0.9528
vn 0.3695 0.3477 0.8617
vn -0.1140 0.7387 0.6643
vn -0.2962 0.7036 0.6459
vn -0.2889 0.6583 0.6951
vn -0.0921 0.6716 0.7351
vn 0.2889 0.6583 0.6951
vn 0.2962 0.7036 0.6459
vn 0.1140 0.7387 0.6643
vn 0.0921 0.6716 0.7351
vn 0.3337 -0.8571 0.3926
vn 0.3447 -0.8764 0.3364
vn 0.0858 -0.9093 0.4073
vn 0.1166 -0.8935 0.4337
vn -0.0858 -0.9093 0.4073
vn -0.3447 -0.8764 0.3364
vn -0.3337 -0.8571 0.3926
vn -0.1166 -0.8935 0.4337
vn 0.1515 0.1410 0.9784
vn 0.0788 -0.2343 0.9690
vn -0.2042 0.5207 0.8289
vn -0.0847 0.6668 0.7405
vn 0.2042 0.5207 0.8289
vn -0.0788 -0.2343 0.9690
vn -0.1515 0.1410 0.9784
vn 0.0847 0.6668 0.7405
vn 0.0866 0.7082 0.7007
vn 0.2927 0.5257 0.7988
vn 0.0270 0.8126 0.5822
vn -0.0270 0.8126 0.5822
vn -0.2927 0.5257 0.7988
vn -0.0866 0.7082 0.7007
vn -0.9450 -0.1157 0.3058
vn -0.9922 0.0198 -0.1234
vn -0.9922 0.1220 -0.0246
vn -0.9346 0.0927 0.3435
vn 0.9922 0.1220 -0.0246
vn 0.9922 0.0198 -0.1234
vn 0.9450 -0.1157 0.3058
vn 0.9346 0.0927 0.3435
vn -0.9870 0.1599 0.0188
vn -0.9926 0.1165 0.0346
vn -0.9272 0.2703 0.2591
vn -0.9247 0.2670 0.2713
vn 0.9272 0.2703 0.2591
vn 0.9926 0.1165 0.0346
vn 0.9870 0.1599 0.0188
vn 0.9247 0.2670 0.2713
vn -0.9950 0.0605 0.0796
vn -0.9811 -0.0384 0.1897
vn -0.9543 -0.0272 0.2976
vn -0.9461 0.1205 0.3006
vn 0.9543 -0.0272 0.2976
vn 0.9811 -0.0384 0.1897
vn 0.9950 0.0605 0.0796
vn 0.9461 0.1205 0.3006
vn -0.8974 -0.4145 0.1514
vn -0.9319 -0.2933 0.2132
vn -0.9578 -0.1258 0.2584
vn -0.9550 -0.1796 0.2360
vn 0.9578 -0.1258 0.2584
vn 0.9319 -0.2933 0.2132
vn 0.8974 -0.4145 0.1514
vn 0.9550 -0.1796 0.2360
vn -0.6265 0.0056 -0.7794
vn -0.5659 -0.1029 -0.8180
vn -0.5993 -0.0691 -0.7975
vn -0.6345 0.0749 -0.7693
vn 0.5993 -0.0691 -0.7975
vn 0.5659 -0.1029 -0.8180
vn 0.6265 0.0056 -0.7794
vn 0.6345 0.0749 -0.7693
vn -0.5075 0.1437 -0.8496
vn -0.4865 0.0922 -0.8688
vn -0.4576 -0.0712 -0.8863
vn -0.3479 0.0190 -0.9373
vn 0.4576 -0.0712 -0.8863
vn 0.4865 0.0922 -0.8688
vn 0.5075 0.1437 -0.8496
vn 0.3479 0.0190 -0.9373
vn -0.5710 0.1595 -0.8053
vn -0.4782 0.1766 -0.8603
vn -0.5052 0.1879 -0.8423
vn -0.5619 0.1891 -0.8053
vn 0.5052 0.1879 -0.8423
vn 0.4782 0.1766 -0.8603
vn 0.5710 0.1595 -0.8053
vn 0.5619 0.1891 -0.8053
vn -0.5257 0.2484 -0.8136
vn -0.6807 0.4067 -0.6093
vn -0.7648 0.2680 -0.5859
vn -0.6040 0.2046 -0.7703
vn 0.7648 0.2680 -0.5859
vn 0.6807 0.4067 -0.6093
vn 0.5257 0.2484 -0.8136
vn 0.6040 0.2046 -0.7703
vn -0.7545 0.1539 -0.6380
vn -0.6955 0.1059 -0.7107
vn -0.6649 0.1775 -0.7255
vn 0.6649 0.1775 -0.7255
vn 0.6955 0.1059 -0.7107
vn 0.7545 0.1539 -0.6380
vn -0.4393 0.4087 -0.8000
vn -0.4824 0.3739 -0.7921
vn -0.5641 0.6288 -0.5352
vn 0.5641 0.6288 -0.5352
vn 0.4824 0.3739 -0.7921
vn 0.4393 0.4087 -0.8000
vn -0.6396 -0.7533 -0.1535
vn -0.4685 -0.7614 -0.4482
vn -0.5136 -0.7339 -0.4445
vn -0.5780 -0.8018 -0.1519
vn 0.5136 -0.7339 -0.4445
vn 0.4685 -0.7614 -0.4482
vn 0.6396 -0.7533 -0.1535
vn 0.5780 -0.8018 -0.1519
vn -0.4552 -0.8903 0.0141
vn -0.5372 -0.8394 -0.0829
vn -0.5639 -0.7394 -0.3678
vn -0.4503 -0.8613 -0.2353
vn 0.5639 -0.7394 -0.3678
vn 0.5372 -0.8394 -0.0829
vn 0.4552 -0.8903 0.0141
vn 0.4503 -0.8613 -0.2353
vn -0.2214 -0.2842 -0.9329
vn -0.4387 -0.2979 -0.8478
vn -0.4440 -0.5224 -0.7279
vn -0.2672 -0.5865 -0.7646
vn 0.4440 -0.5224 -0.7279
vn 0.4387 -0.2979 -0.8478
vn 0.2214 -0.2842 -0.9329
vn 0.2672 -0.5865 -0.7646
vn -0.5496 -0.2690 -0.7909
vn -0.5315 -0.4397 -0.7240
vn -0.6394 -0.4098 -0.6505
vn -0.6033 -0.2483 -0.7579
vn 0.6394 -0.4098 -0.6505
vn 0.5315 -0.4397 -0.7240
vn 0.5496 -0.2690 -0.7909
vn 0.6033 -0.2483 -0.7579
vn -0.4411 -0.8142 -0.3774
vn -0.6088 -0.6237 -0.4903
vn -0.4637 -0.6379 -0.6149
vn 0.4637 -0.6379 -0.6149
vn 0.6088 -0.6237 -0.4902
vn 0.4411 -0.8142 -0.3774
vn 0.0567 0.4768 0.8772
vn 0.2342 0.4907 0.8393
vn -0.4435 0.8885 0.1175
vn -0.5117 0.8572 0.0581
vn 0.4435 0.8885 0.1175
vn -0.2342 0.4907 0.8393
vn -0.0567 0.4768 0.8772
vn 0.5117 0.8572 0.0581
vn -0.1228 0.5171 0.8471
vn -0.4989 0.8663 -0.0230
vn -0.4221 0.9036 -0.0730
vn -0.3808 0.6207 0.6854
vn 0.4221 0.9036 -0.0730
vn 0.4989 0.8663 -0.0230
vn 0.1228 0.5170 0.8471
vn 0.3808 0.6207 0.6854
vn -0.5521 0.7330 0.3974
vn -0.2553 0.9651 -0.0593
vn -0.1286 0.9913 -0.0274
vn -0.5633 0.8127 0.1494
vn 0.1286 0.9913 -0.0274
vn 0.2553 0.9651 -0.0593
vn 0.5521 0.7330 0.3974
vn 0.5633 0.8127 0.1494
vn -0.5516 0.8321 -0.0582
vn -0.0910 0.9958 -0.0120
vn -0.1205 0.9897 0.0776
vn -0.5804 0.7898 -0.1982
vn 0.1205 0.9897 0.0776
vn 0.0910 0.9958 -0.0120
vn 0.5516 0.8321 -0.0582
vn 0.5804 0.7898 -0.1982
vn -0.6244 0.6813 -0.3820
vn -0.2708 0.9475 0.1700
vn -0.4697 0.8770 0.1014
vn -0.5951 0.5475 -0.5883
vn 0.4697 0.8770 0.1014
vn 0.2708 0.9475 0.1700
vn 0.6244 0.6813 -0.3820
vn 0.5951 0.5475 -0.5883
vn -0.5025 0.4656 -0.7285
vn -0.5874 0.8061 -0.0727
vn -0.5086 0.8455 -0.1629
vn -0.3278 0.4660 -0.8218
vn 0.5086 0.8455 -0.1629
vn 0.5873 0.8061 -0.0727
vn 0.5025 0.4656 -0.7285
vn 0.3278 0.4660 -0.8218
vn -0.3965 0.7327 0.5531
vn -0.1272 0.4684 0.8743
vn -0.2440 0.5072 0.8266
vn -0.4358 0.7702 0.4657
vn 0.2440 0.5072 0.8266
vn 0.1272 0.4684 0.8743
vn 0.3965 0.7327 0.5531
vn 0.4358 0.7702 0.4657
vn 0.2541 0.7250 0.6402
vn 0.5717 0.2872 0.7685
vn 0.2163 0.3799 0.8994
vn -0.0927 0.7156 0.6923
vn -0.2163 0.3799 0.8994
vn -0.5717 0.2872 0.7685
vn -0.2541 0.7250 0.6402
vn 0.0927 0.7156 0.6924
vn 0.5261 0.8482 0.0618
vn 0.9481 0.2940 0.1213
vn 0.8517 0.2286 0.4716
vn 0.5063 0.7796 0.3687
vn -0.8517 0.2286 0.4716
vn -0.9481 0.2940 0.1213
vn -0.5261 0.8482 0.0618
vn -0.5063 0.7796 0.3687
vn 0.0353 0.9240 -0.3808
vn 0.3021 0.7369 -0.6047
vn 0.8121 0.5152 -0.2739
vn 0.3761 0.9091 -0.1788
vn -0.8121 0.5152 -0.2740
vn -0.3021 0.7369 -0.6047
vn -0.0353 0.9240 -0.3808
vn -0.3761 0.9091 -0.1788
vn -0.5113 0.7414 -0.4346
vn -0.4687 0.6367 -0.6123
vn -0.2405 0.7155 -0.6559
vn -0.3358 0.8262 -0.4525
vn 0.2405 0.7155 -0.6559
vn 0.4687 0.6367 -0.6123
vn 0.5113 0.7414 -0.4346
vn 0.3358 0.8262 -0.4525
vn -0.6087 0.6940 -0.3845
vn -0.6390 0.6957 -0.3282
vn -0.6755 0.5546 -0.4860
vn -0.6000 0.5784 -0.5526
vn 0.6755 0.5546 -0.4860
vn 0.6390 0.6957 -0.3282
vn 0.6087 0.6940 -0.3845
vn 0.6000 0.5784 -0.5526
vn -0.6964 0.1218 -0.7072
vn -0.5057 0.1684 -0.8461
vn -0.8090 0.2906 -0.5110
vn -0.8709 0.0026 -0.4914
vn 0.8090 0.2906 -0.5110
vn 0.5057 0.1684 -0.8461
vn 0.6964 0.1218 -0.7072
vn 0.8709 0.0026 -0.4914
vn -0.0298 0.6408 -0.7671
vn -0.0403 0.5650 -0.8241
vn -0.2041 0.9734 0.1043
vn -0.2700 0.9456 0.1814
vn 0.2041 0.9734 0.1043
vn 0.0403 0.5650 -0.8241
vn 0.0298 0.6408 -0.7671
vn 0.2700 0.9456 0.1814
vn -0.9599 0.0766 -0.2696
vn -0.8541 0.1152 -0.5072
vn -0.9182 -0.0735 -0.3893
vn -0.9699 -0.0297 -0.2418
vn 0.9182 -0.0735 -0.3893
vn 0.8541 0.1152 -0.5072
vn 0.9599 0.0766 -0.2696
vn 0.9699 -0.0297 -0.2418
vn -0.4023 0.6702 0.6237
vn -0.5412 0.8357 -0.0937
vn -0.3548 0.9333 0.0549
vn 0.3578 0.5442 0.7589
vn 0.3548 0.9333 0.0549
vn 0.5412 0.8357 -0.0937
vn 0.4023 0.6702 0.6237
vn -0.3578 0.5442 0.7589
vn -0.1950 0.7027 0.6843
vn -0.1089 0.4024 0.9090
vn -0.2209 0.3484 0.9109
vn -0.3089 0.6123 0.7278
vn 0.2209 0.3484 0.9109
vn 0.1089 0.4024 0.9090
vn 0.1950 0.7027 0.6843
vn 0.3089 0.6123 0.7278
vn -0.7031 0.7095 0.0477
vn -0.7809 0.6238 0.0320
vn -0.6872 0.6595 0.3046
vn -0.6590 0.5905 0.4659
vn 0.6872 0.6595 0.3046
vn 0.7809 0.6238 0.0320
vn 0.7031 0.7095 0.0477
vn 0.6590 0.5905 0.4659
vn -0.7818 0.4901 0.3855
vn -0.8009 0.5425 0.2535
vn -0.6438 0.7221 0.2531
vn -0.5578 0.6503 0.5157
vn 0.6438 0.7221 0.2531
vn 0.8009 0.5425 0.2534
vn 0.7818 0.4901 0.3855
vn 0.5578 0.6503 0.5157
vn -0.7781 0.3601 -0.5147
vn -0.8615 0.2625 -0.4346
vn -0.9324 0.1917 -0.3064
vn -0.9011 0.2382 -0.3622
vn 0.9324 0.1917 -0.3064
vn 0.8615 0.2625 -0.4346
vn 0.7781 0.3601 -0.5147
vn 0.9011 0.2382 -0.3622
vn -0.6946 0.6180 -0.3682
vn -0.8040 0.4341 -0.4064
vn -0.7035 0.5127 -0.4921
vn -0.6540 0.5950 -0.4672
vn 0.7035 0.5127 -0.4921
vn 0.8040 0.4341 -0.4064
vn 0.6946 0.6180 -0.3682
vn 0.6540 0.5950 -0.4672
vn -0.5876 0.7389 -0.3297
vn -0.5839 0.7323 -0.3505
vn -0.6486 0.6085 -0.4573
vn -0.6715 0.5793 -0.4621
vn 0.6486 0.6085 -0.4573
vn 0.5839 0.7323 -0.3505
vn 0.5876 0.7389 -0.3297
vn 0.6715 0.5793 -0.4621
vn -0.9883 0.0425 -0.1465
vn -0.9322 0.1646 -0.3222
vn -0.8788 0.4268 -0.2133
vn -0.9855 0.1291 0.1100
vn 0.8788 0.4268 -0.2133
vn 0.9322 0.1646 -0.3222
vn 0.9883 0.0425 -0.1465
vn 0.9855 0.1291 0.1100
vn -0.9534 -0.0126 -0.3016
vn -0.9243 -0.1022 -0.3678
vn -0.9379 0.0474 -0.3437
vn -0.9206 0.0501 -0.3874
vn 0.9379 0.0474 -0.3437
vn 0.9243 -0.1022 -0.3678
vn 0.9534 -0.0126 -0.3016
vn 0.9206 0.0501 -0.3874
vn -0.9372 -0.0669 -0.3423
vn -0.9538 0.3004 -0.0079
vn -0.9496 0.1917 -0.2480
vn 0.9496 0.1917 -0.2480
vn 0.9538 0.3004 -0.0079
vn 0.9372 -0.0669 -0.3423
vn -0.7021 0.4501 -0.5518
vn -0.7118 0.4393 -0.5481
vn -0.6623 0.5843 -0.4690
vn -0.6689 0.5997 -0.4392
vn 0.6623 0.5843 -0.4690
vn 0.7118 0.4393 -0.5481
vn 0.7021 0.4501 -0.5518
vn 0.6689 0.5997 -0.4392
vn -0.7123 0.4262 -0.5577
vn -0.7130 0.3883 -0.5838
vn -0.6108 0.5924 -0.5253
vn -0.6422 0.5863 -0.4938
vn 0.6108 0.5924 -0.5253
vn 0.7130 0.3883 -0.5838
vn 0.7123 0.4262 -0.5577
vn 0.6422 0.5863 -0.4938
vn -0.7353 0.3023 -0.6066
vn -0.8550 0.2327 -0.4634
vn -0.7043 0.5505 -0.4483
vn -0.6039 0.5793 -0.5474
vn 0.7043 0.5505 -0.4483
vn 0.8550 0.2328 -0.4634
vn 0.7353 0.3023 -0.6066
vn 0.6039 0.5793 -0.5474
vn -0.8009 0.3933 0.4514
vn -0.5250 0.4332 0.7327
vn -0.4816 0.6206 0.6188
vn -0.6496 0.6641 0.3702
vn 0.4816 0.6206 0.6188
vn 0.5250 0.4331 0.7327
vn 0.8010 0.3933 0.4514
vn 0.6496 0.6641 0.3702
vn -0.7196 0.5105 0.4707
vn -0.7918 0.5942 0.1415
vn -0.7258 0.6740 0.1377
vn -0.6333 0.6428 0.4310
vn 0.7258 0.6740 0.1377
vn 0.7918 0.5942 0.1415
vn 0.7196 0.5105 0.4707
vn 0.6333 0.6428 0.4310
vn -0.8078 0.5698 -0.1510
vn -0.7938 0.4843 0.3679
vn -0.6261 0.6763 0.3881
vn -0.7316 0.6666 -0.1427
vn 0.6261 0.6763 0.3881
vn 0.7938 0.4843 0.3679
vn 0.8078 0.5698 -0.1510
vn 0.7316 0.6666 -0.1427
vn -0.1581 0.2155 0.9636
vn -0.0267 0.2540 0.9668
vn 0.0145 0.4425 0.8967
vn 0.0481 0.3438 0.9378
vn -0.0145 0.4425 0.8967
vn 0.0267 0.2540 0.9668
vn 0.1581 0.2155 0.9636
vn -0.0481 0.3438 0.9378
vn -0.5727 0.5078 -0.6436
vn -0.6705 0.4704 -0.5737
vn -0.6608 0.6334 -0.4028
vn -0.6012 0.6752 -0.4274
vn 0.6608 0.6334 -0.4028
vn 0.6705 0.4704 -0.5737
vn 0.5727 0.5078 -0.6435
vn 0.6012 0.6751 -0.4274
vn -0.1425 0.5866 -0.7973
vn -0.4186 0.5489 -0.7235
vn -0.4740 0.7015 -0.5322
vn -0.2425 0.7967 -0.5536
vn 0.4740 0.7015 -0.5322
vn 0.4186 0.5489 -0.7235
vn 0.1425 0.5866 -0.7973
vn 0.2425 0.7967 -0.5536
vn 0.9444 0.1408 -0.2971
vn 0.4844 0.4848 -0.7282
vn 0.0002 0.9507 -0.3100
vn 0.0973 0.9917 -0.0838
vn -0.0002 0.9507 -0.3100
vn -0.4844 0.4848 -0.7282
vn -0.9444 0.1408 -0.2971
vn -0.0973 0.9917 -0.0838
vn 0.8836 -0.0788 0.4616
vn 0.9887 -0.0734 0.1305
vn 0.0764 0.9962 0.0426
vn 0.0004 0.9854 0.1704
vn -0.0764 0.9962 0.0426
vn -0.9887 -0.0734 0.1305
vn -0.8836 -0.0788 0.4616
vn -0.0004 0.9854 0.1704
vn 0.3238 0.2080 0.9230
vn 0.6448 0.0599 0.7620
vn -0.0938 0.9319 0.3504
vn -0.2111 0.8130 0.5426
vn 0.0938 0.9319 0.3504
vn -0.6448 0.0599 0.7620
vn -0.3238 0.2080 0.9230
vn 0.2111 0.8130 0.5426
vn -0.1031 0.3221 0.9411
vn 0.0170 0.2988 0.9542
vn -0.3299 0.6707 0.6644
vn -0.2617 0.5754 0.7749
vn 0.3299 0.6707 0.6644
vn -0.0170 0.2988 0.9542
vn 0.1031 0.3221 0.9411
vn 0.2617 0.5754 0.7749
vn -0.2798 0.9449 0.1697
vn -0.2673 0.9542 0.1343
vn -0.1537 0.9769 0.1482
vn -0.1855 0.9811 0.0547
vn 0.1537 0.9769 0.1482
vn 0.2673 0.9542 0.1343
vn 0.2798 0.9449 0.1697
vn 0.1855 0.9811 0.0547
vn -0.2602 0.9649 0.0351
vn -0.2969 0.9484 0.1113
vn -0.4049 0.9139 0.0281
vn -0.3324 0.9430 0.0130
vn 0.4049 0.9139 0.0281
vn 0.2969 0.9484 0.1113
vn 0.2602 0.9649 0.0351
vn 0.3324 0.9430 0.0130
vn -0.3555 0.9346 -0.0073
vn -0.4114 0.9102 -0.0483
vn -0.3771 0.9209 -0.0984
vn -0.3311 0.9435 -0.0079
vn 0.3771 0.9209 -0.0984
vn 0.4114 0.9102 -0.0483
vn 0.3555 0.9346 -0.0073
vn 0.3311 0.9435 -0.0080
vn -0.2955 0.9546 0.0378
vn -0.3544 0.9269 -0.1233
vn -0.4143 0.9101 -0.0083
vn -0.3604 0.9168 0.1720
vn 0.4143 0.9101 -0.0083
vn 0.3544 0.9269 -0.1233
vn 0.2956 0.9546 0.0378
vn 0.3604 0.9168 0.1720
vn -0.4771 0.8671 0.1435
vn -0.5065 0.8622 0.0007
vn -0.3560 0.9290 0.1014
vn -0.3599 0.8950 0.2634
vn 0.3560 0.9290 0.1014
vn 0.5065 0.8622 0.0007
vn 0.4771 0.8671 0.1435
vn 0.3599 0.8950 0.2634
vn -0.4753 0.8599 -0.1864
vn -0.3746 0.9262 -0.0419
vn -0.3816 0.9243 -0.0042
vn -0.5077 0.8525 -0.1246
vn 0.3816 0.9243 -0.0042
vn 0.3746 0.9262 -0.0419
vn 0.4753 0.8599 -0.1864
vn 0.5077 0.8525 -0.1246
vn -0.4123 0.8854 -0.2144
vn -0.3302 0.9170 -0.2236
vn -0.2430 0.9691 -0.0419
vn -0.3251 0.9444 -0.0497
vn 0.2430 0.9691 -0.0419
vn 0.3302 0.9170 -0.2236
vn 0.4123 0.8854 -0.2144
vn 0.3251 0.9444 -0.0497
vn -0.2333 0.9573 0.1705
vn -0.1698 0.9854 -0.0099
vn -0.2759 0.9387 -0.2066
vn -0.3192 0.9461 -0.0542
vn 0.2759 0.9387 -0.2066
vn 0.1698 0.9854 -0.0099
vn 0.2333 0.9573 0.1705
vn 0.3192 0.9461 -0.0542
vn 0.1674 0.6809 0.7130
vn 0.0072 0.7763 0.6304
vn -0.0516 0.9316 0.3597
vn -0.0764 0.9512 0.2989
vn 0.0516 0.9316 0.3597
vn -0.0072 0.7763 0.6304
vn -0.1674 0.6808 0.7130
vn 0.0764 0.9512 0.2989
vn -0.5356 0.8320 0.1448
vn -0.5062 0.8620 0.0270
vn -0.3860 0.9067 0.1700
vn -0.4303 0.8433 0.3221
vn 0.3860 0.9067 0.1700
vn 0.5062 0.8620 0.0270
vn 0.5356 0.8320 0.1448
vn 0.4303 0.8433 0.3221
vn -0.4286 0.8969 -0.1091
vn -0.4333 0.8873 -0.1582
vn -0.4705 0.8785 -0.0830
vn -0.4698 0.8828 0.0002
vn 0.4705 0.8785 -0.0830
vn 0.4333 0.8873 -0.1582
vn 0.4286 0.8969 -0.1091
vn 0.4698 0.8828 0.0002
vn -0.5004 0.8635 -0.0624
vn -0.5045 0.8567 -0.1076
vn -0.4422 0.8768 -0.1891
vn -0.4508 0.8820 -0.1371
vn 0.4422 0.8768 -0.1891
vn 0.5045 0.8567 -0.1076
vn 0.5004 0.8636 -0.0624
vn 0.4508 0.8820 -0.1371
vn -0.4410 0.8653 0.2381
vn -0.4507 0.8534 0.2617
vn -0.5138 0.8506 0.1115
vn -0.4979 0.8601 0.1107
vn 0.5138 0.8506 0.1115
vn 0.4507 0.8534 0.2617
vn 0.4410 0.8653 0.2381
vn 0.4979 0.8601 0.1107
vn -0.4517 0.8711 0.1928
vn -0.3926 0.8492 0.3532
vn -0.3918 0.8830 0.2583
vn 0.3918 0.8830 0.2583
vn 0.3926 0.8492 0.3532
vn 0.4517 0.8711 0.1928
vn -0.2008 -0.1017 -0.9743
vn -0.0146 -0.1245 -0.9921
vn 0.2755 -0.7372 -0.6169
vn 0.2538 -0.7726 -0.5820
vn -0.2755 -0.7372 -0.6169
vn 0.0146 -0.1245 -0.9921
vn 0.2008 -0.1017 -0.9743
vn -0.2538 -0.7726 -0.5820
vn -0.6783 0.1181 -0.7252
vn -0.4237 -0.0522 -0.9043
vn 0.0462 -0.8217 -0.5681
vn -0.2592 -0.7893 -0.5567
vn -0.0462 -0.8217 -0.5681
vn 0.4237 -0.0522 -0.9043
vn 0.6783 0.1181 -0.7252
vn 0.2592 -0.7893 -0.5567
vn -0.8932 0.4419 -0.0827
vn -0.8431 0.3541 -0.4048
vn -0.7545 -0.4770 -0.4509
vn -0.9949 -0.0547 -0.0845
vn 0.7545 -0.4770 -0.4509
vn 0.8431 0.3541 -0.4048
vn 0.8932 0.4419 -0.0827
vn 0.9949 -0.0547 -0.0845
vn -0.6621 0.0465 0.7480
vn -0.8922 0.3299 0.3085
vn -0.9197 -0.2049 0.3348
vn -0.3804 -0.7232 0.5764
vn 0.9197 -0.2049 0.3348
vn 0.8922 0.3299 0.3085
vn 0.6621 0.0465 0.7480
vn 0.3804 -0.7232 0.5764
vn 0.2730 -0.2447 0.9304
vn -0.0718 -0.2192 0.9730
vn 0.1804 -0.8415 0.5092
vn 0.3970 -0.7874 0.4716
vn -0.1804 -0.8415 0.5092
vn 0.0718 -0.2192 0.9730
vn -0.2730 -0.2447 0.9304
vn -0.3970 -0.7874 0.4716
vn 0.5203 -0.1026 0.8478
vn 0.4101 -0.1888 0.8923
vn 0.5022 -0.7237 0.4732
vn 0.5231 -0.6777 0.5168
vn -0.5022 -0.7237 0.4732
vn -0.4101 -0.1888 0.8923
vn -0.5203 -0.1026 0.8478
vn -0.5231 -0.6777 0.5168
vn 0.4461 -0.8906 0.0883
vn 0.4031 -0.9059 -0.1301
vn 0.3417 -0.9267 -0.1564
vn 0.3837 -0.9183 0.0977
vn -0.3417 -0.9267 -0.1564
vn -0.4031 -0.9059 -0.1301
vn -0.4461 -0.8906 0.0883
vn -0.3837 -0.9183 0.0977
vn 0.3379 -0.9375 0.0835
vn 0.1997 -0.9760 0.0870
vn 0.1000 -0.9859 -0.1344
vn 0.2636 -0.9561 -0.1281
vn -0.1000 -0.9859 -0.1344
vn -0.1997 -0.9760 0.0870
vn -0.3379 -0.9375 0.0835
vn -0.2636 -0.9561 -0.1281
vn -0.0490 -0.9894 0.1369
vn -0.6767 -0.7325 0.0742
vn -0.1696 -0.9742 -0.1492
vn 0.1696 -0.9742 -0.1492
vn 0.6767 -0.7325 0.0742
vn 0.0490 -0.9894 0.1369
vn -0.3957 -0.6776 0.6200
vn -0.0360 -0.1204 0.9921
vn 0.5976 -0.0191 0.8016
vn 0.4122 -0.6552 0.6331
vn -0.5976 -0.0191 0.8016
vn 0.0360 -0.1204 0.9921
vn 0.3957 -0.6776 0.6200
vn -0.4122 -0.6552 0.6331
vn -0.5233 -0.8497 -0.0640
vn -0.0682 -0.9961 0.0555
vn -0.0762 -0.9609 -0.2663
vn -0.4018 -0.8316 -0.3834
vn 0.0762 -0.9609 -0.2663
vn 0.0682 -0.9961 0.0555
vn 0.5233 -0.8497 -0.0640
vn 0.4018 -0.8316 -0.3834
vn 0.1127 -0.2244 -0.9680
vn -0.0934 -0.6504 -0.7538
vn 0.0967 -0.7118 -0.6957
vn 0.1248 -0.1794 -0.9758
vn -0.0967 -0.7118 -0.6957
vn 0.0934 -0.6504 -0.7538
vn -0.1127 -0.2244 -0.9680
vn -0.1248 -0.1794 -0.9758
vt 0.519161 0.059644
vt 0.516936 0.064141
vt 0.509164 0.061996
vt 0.510335 0.056549
vt 0.514313 0.068161
vt 0.507767 0.066469
vt 0.500000 0.065660
vt 0.500000 0.060947
vt 0.500000 0.055045
vt 0.500000 0.065660
vt 0.492233 0.066469
vt 0.490836 0.061996
vt 0.500000 0.060947
vt 0.485687 0.068161
vt 0.483064 0.064141
vt 0.480839 0.059644
vt 0.489666 0.056549
vt 0.500000 0.055045
vt 0.529722 0.065076
vt 0.525737 0.068371
vt 0.522299 0.066214
vt 0.525404 0.062574
vt 0.521573 0.072290
vt 0.518756 0.069947
vt 0.481244 0.069947
vt 0.477701 0.066214
vt 0.478427 0.072290
vt 0.474264 0.068371
vt 0.470278 0.065076
vt 0.474596 0.062574
vt 0.537307 0.071208
vt 0.530552 0.075109
vt 0.528141 0.071128
vt 0.533252 0.067508
vt 0.525255 0.080247
vt 0.523537 0.075778
vt 0.476463 0.075778
vt 0.471859 0.071128
vt 0.474745 0.080247
vt 0.469448 0.075109
vt 0.462693 0.071208
vt 0.466748 0.067508
vt 0.550228 0.087584
vt 0.538665 0.090752
vt 0.533918 0.081142
vt 0.542970 0.077612
vt 0.530062 0.094928
vt 0.527273 0.085870
vt 0.472727 0.085870
vt 0.466082 0.081142
vt 0.469938 0.094928
vt 0.461335 0.090752
vt 0.449772 0.087584
vt 0.457030 0.077612
vt 0.566506 0.115790
vt 0.550950 0.120208
vt 0.544772 0.104728
vt 0.558561 0.101176
vt 0.537774 0.125226
vt 0.533825 0.109059
vt 0.466175 0.109059
vt 0.455228 0.104728
vt 0.462226 0.125226
vt 0.449050 0.120208
vt 0.433494 0.115790
vt 0.441440 0.101176
vt 0.587974 0.179933
vt 0.603208 0.194887
vt 0.588267 0.209021
vt 0.569710 0.194436
vt 0.621871 0.210918
vt 0.610113 0.223118
vt 0.599546 0.236568
vt 0.575256 0.226592
vt 0.544469 0.215880
vt 0.400454 0.236568
vt 0.389887 0.223118
vt 0.411733 0.209021
vt 0.424744 0.226592
vt 0.378129 0.210918
vt 0.396792 0.194887
vt 0.412026 0.179933
vt 0.430290 0.194436
vt 0.455531 0.215880
vt 0.621871 0.210918
vt 0.638208 0.226314
vt 0.628283 0.236882
vt 0.610113 0.223118
vt 0.653327 0.241076
vt 0.643600 0.250301
vt 0.633494 0.258470
vt 0.618564 0.247242
vt 0.599546 0.236568
vt 0.366506 0.258470
vt 0.356401 0.250301
vt 0.371717 0.236882
vt 0.381436 0.247242
vt 0.346673 0.241076
vt 0.361792 0.226314
vt 0.378129 0.210918
vt 0.389887 0.223118
vt 0.400454 0.236568
vt 0.668706 0.255950
vt 0.657542 0.263703
vt 0.680447 0.272960
vt 0.667657 0.278557
vt 0.654068 0.282830
vt 0.645611 0.270158
vt 0.345932 0.282830
vt 0.332343 0.278557
vt 0.342459 0.263703
vt 0.354389 0.270158
vt 0.319553 0.272960
vt 0.331294 0.255950
vt 0.684695 0.293078
vt 0.671454 0.295530
vt 0.683144 0.311805
vt 0.670213 0.310936
vt 0.657583 0.308613
vt 0.657873 0.296509
vt 0.342417 0.308613
vt 0.329787 0.310936
vt 0.328546 0.295530
vt 0.342127 0.296509
vt 0.316856 0.311805
vt 0.315305 0.293078
vt 0.678116 0.325251
vt 0.665541 0.321738
vt 0.668910 0.337433
vt 0.656576 0.331844
vt 0.645548 0.325664
vt 0.653775 0.317221
vt 0.354452 0.325664
vt 0.343425 0.331844
vt 0.334459 0.321738
vt 0.346225 0.317221
vt 0.331090 0.337433
vt 0.321884 0.325251
vt 0.654804 0.352697
vt 0.642723 0.345301
vt 0.638037 0.368810
vt 0.626945 0.359757
vt 0.618251 0.349566
vt 0.632570 0.337201
vt 0.381749 0.349566
vt 0.373055 0.359757
vt 0.357277 0.345301
vt 0.367430 0.337201
vt 0.361963 0.368810
vt 0.345196 0.352697
vt 0.621281 0.382365
vt 0.612451 0.371775
vt 0.605977 0.391859
vt 0.599891 0.379977
vt 0.595868 0.366402
vt 0.606049 0.359637
vt 0.404132 0.366402
vt 0.400109 0.379977
vt 0.387549 0.371775
vt 0.393951 0.359637
vt 0.394023 0.391859
vt 0.378719 0.382365
vt 0.592336 0.396552
vt 0.588618 0.383676
vt 0.576878 0.396871
vt 0.575349 0.382897
vt 0.574986 0.368404
vt 0.586392 0.369417
vt 0.425014 0.368404
vt 0.424651 0.382897
vt 0.411382 0.383676
vt 0.413608 0.369417
vt 0.423122 0.396871
vt 0.407664 0.396552
vt 0.556771 0.393828
vt 0.557454 0.378274
vt 0.535452 0.389613
vt 0.537551 0.372163
vt 0.542088 0.356742
vt 0.559630 0.363551
vt 0.457912 0.356742
vt 0.462450 0.372163
vt 0.442546 0.378274
vt 0.440371 0.363551
vt 0.464548 0.389613
vt 0.443229 0.393828
vt 0.535452 0.389613
vt 0.516777 0.386408
vt 0.518601 0.366984
vt 0.537550 0.372163
vt 0.500000 0.385190
vt 0.500000 0.364398
vt 0.500000 0.338640
vt 0.524063 0.349518
vt 0.500000 0.364398
vt 0.481400 0.366984
vt 0.475937 0.349518
vt 0.500000 0.385190
vt 0.483223 0.386408
vt 0.464549 0.389613
vt 0.462450 0.372163
vt 0.457912 0.356742
vt 0.558393 0.332887
vt 0.568440 0.336858
vt 0.563693 0.349310
vt 0.549824 0.343615
vt 0.577862 0.338351
vt 0.576034 0.352643
vt 0.574986 0.368404
vt 0.559630 0.363551
vt 0.542088 0.356742
vt 0.425014 0.368404
vt 0.423966 0.352643
vt 0.436307 0.349310
vt 0.440370 0.363551
vt 0.422138 0.338351
vt 0.431560 0.336858
vt 0.441607 0.332887
vt 0.450176 0.343615
vt 0.457912 0.356742
vt 0.585598 0.338015
vt 0.585564 0.353036
vt 0.592386 0.336008
vt 0.593612 0.350567
vt 0.595868 0.366402
vt 0.586392 0.369417
vt 0.404132 0.366402
vt 0.406388 0.350567
vt 0.414436 0.353036
vt 0.413608 0.369417
vt 0.407614 0.336007
vt 0.414402 0.338015
vt 0.607728 0.327073
vt 0.612174 0.337876
vt 0.602034 0.345461
vt 0.599394 0.332354
vt 0.593612 0.350567
vt 0.592386 0.336007
vt 0.393951 0.359637
vt 0.397966 0.345461
vt 0.406388 0.350567
vt 0.387826 0.337876
vt 0.392272 0.327073
vt 0.400606 0.332354
vt 0.407614 0.336008
vt 0.626901 0.313582
vt 0.635574 0.319192
vt 0.624383 0.328373
vt 0.617747 0.320414
vt 0.645548 0.325664
vt 0.367430 0.337201
vt 0.375617 0.328373
vt 0.354452 0.325664
vt 0.364426 0.319192
vt 0.373099 0.313582
vt 0.382253 0.320414
vt 0.634891 0.301141
vt 0.645620 0.304782
vt 0.642613 0.312036
vt 0.632584 0.307515
vt 0.657583 0.308613
vt 0.346225 0.317221
vt 0.357387 0.312036
vt 0.342417 0.308613
vt 0.354380 0.304782
vt 0.365109 0.301141
vt 0.367416 0.307515
vt 0.630556 0.284417
vt 0.641383 0.284187
vt 0.645292 0.295169
vt 0.634351 0.293290
vt 0.654068 0.282830
vt 0.657873 0.296509
vt 0.342127 0.296509
vt 0.354709 0.295169
vt 0.345932 0.282830
vt 0.358618 0.284187
vt 0.369444 0.284417
vt 0.365649 0.293290
vt 0.613798 0.267249
vt 0.622999 0.263466
vt 0.633674 0.273409
vt 0.623258 0.275408
vt 0.633494 0.258470
vt 0.645611 0.270158
vt 0.354389 0.270158
vt 0.366326 0.273409
vt 0.377001 0.263466
vt 0.386202 0.267249
vt 0.376742 0.275408
vt 0.590771 0.257759
vt 0.593491 0.248144
vt 0.609997 0.254812
vt 0.603343 0.260982
vt 0.599546 0.236568
vt 0.618564 0.247242
vt 0.381436 0.247242
vt 0.390004 0.254812
vt 0.406510 0.248144
vt 0.409229 0.257759
vt 0.396657 0.260982
vt 0.561138 0.262125
vt 0.552309 0.244955
vt 0.572883 0.244255
vt 0.575468 0.258381
vt 0.575256 0.226592
vt 0.593491 0.248144
vt 0.400454 0.236568
vt 0.424744 0.226592
vt 0.427117 0.244255
vt 0.406509 0.248144
vt 0.447691 0.244955
vt 0.438862 0.262125
vt 0.424532 0.258381
vt 0.409229 0.257759
vt 0.551445 0.268014
vt 0.537358 0.253335
vt 0.552309 0.244955
vt 0.545584 0.275588
vt 0.527475 0.265614
vt 0.500000 0.250807
vt 0.522949 0.234696
vt 0.472525 0.265614
vt 0.462642 0.253335
vt 0.477051 0.234696
vt 0.454416 0.275588
vt 0.448555 0.268014
vt 0.438862 0.262125
vt 0.447691 0.244955
vt 0.549824 0.343615
vt 0.536292 0.335982
vt 0.549262 0.325934
vt 0.524063 0.349518
vt 0.525623 0.325327
vt 0.542702 0.316584
vt 0.475937 0.349518
vt 0.463708 0.335982
vt 0.474377 0.325327
vt 0.457912 0.356742
vt 0.450176 0.343615
vt 0.441607 0.332887
vt 0.450738 0.325934
vt 0.457298 0.316584
vt 0.521870 0.310626
vt 0.539896 0.305771
vt 0.500000 0.313888
vt 0.500000 0.295394
vt 0.521839 0.295106
vt 0.540000 0.294722
vt 0.500000 0.295394
vt 0.500000 0.313888
vt 0.478130 0.310626
vt 0.478161 0.295106
vt 0.460105 0.305771
vt 0.460000 0.294722
vt 0.527475 0.265614
vt 0.523283 0.280125
vt 0.500000 0.277181
vt 0.541924 0.284549
vt 0.540000 0.294722
vt 0.500000 0.295394
vt 0.460000 0.294722
vt 0.458076 0.284549
vt 0.476717 0.280125
vt 0.478161 0.295106
vt 0.454416 0.275588
vt 0.472525 0.265614
vt 0.500000 0.277181
vt 0.500000 0.295394
vt 0.507707 0.074940
vt 0.504057 0.073568
vt 0.505845 0.070464
vt 0.510864 0.071939
vt 0.500000 0.073060
vt 0.500000 0.069830
vt 0.507767 0.066469
vt 0.514313 0.068161
vt 0.500000 0.069830
vt 0.494155 0.070464
vt 0.492233 0.066469
vt 0.495943 0.073568
vt 0.492293 0.074940
vt 0.489136 0.071939
vt 0.485687 0.068161
vt 0.512562 0.080357
vt 0.510593 0.077071
vt 0.514434 0.073847
vt 0.516760 0.076706
vt 0.518756 0.069947
vt 0.521573 0.072290
vt 0.485566 0.073847
vt 0.481244 0.069947
vt 0.489407 0.077071
vt 0.487439 0.080357
vt 0.483240 0.076706
vt 0.478427 0.072290
vt 0.512267 0.090555
vt 0.513415 0.085048
vt 0.518219 0.080967
vt 0.519199 0.085794
vt 0.512561 0.080357
vt 0.516760 0.076706
vt 0.523537 0.075778
vt 0.525255 0.080247
vt 0.483240 0.076706
vt 0.481781 0.080967
vt 0.476463 0.075778
vt 0.487439 0.080357
vt 0.486585 0.085048
vt 0.487734 0.090555
vt 0.480802 0.085794
vt 0.474745 0.080247
vt 0.526243 0.129130
vt 0.523936 0.112638
vt 0.516256 0.131512
vt 0.515003 0.115132
vt 0.514124 0.101670
vt 0.521940 0.098777
vt 0.485876 0.101670
vt 0.484997 0.115132
vt 0.476064 0.112638
vt 0.478060 0.098777
vt 0.483744 0.131512
vt 0.473757 0.129130
vt 0.519198 0.085794
vt 0.520398 0.090654
vt 0.513290 0.094342
vt 0.525255 0.080247
vt 0.527273 0.085870
vt 0.530062 0.094928
vt 0.514124 0.101670
vt 0.469938 0.094928
vt 0.472727 0.085870
vt 0.479602 0.090654
vt 0.478060 0.098777
vt 0.480802 0.085794
vt 0.486710 0.094342
vt 0.485876 0.101670
vt 0.520467 0.161843
vt 0.509516 0.158265
vt 0.508718 0.146967
vt 0.518125 0.147022
vt 0.500000 0.157011
vt 0.500000 0.146506
vt 0.500000 0.132565
vt 0.507728 0.132436
vt 0.500000 0.146506
vt 0.491282 0.146967
vt 0.492273 0.132436
vt 0.500000 0.157011
vt 0.490484 0.158265
vt 0.479533 0.161843
vt 0.481875 0.147022
vt 0.483744 0.131512
vt 0.515003 0.115132
vt 0.507183 0.116536
vt 0.506886 0.103277
vt 0.507728 0.132436
vt 0.500000 0.132565
vt 0.500000 0.116970
vt 0.500000 0.103752
vt 0.500000 0.132565
vt 0.492273 0.132436
vt 0.492817 0.116536
vt 0.500000 0.116970
vt 0.484997 0.115132
vt 0.485876 0.101670
vt 0.493114 0.103277
vt 0.500000 0.103752
vt 0.500000 0.092922
vt 0.506021 0.092828
vt 0.506528 0.095980
vt 0.500000 0.096268
vt 0.506886 0.103277
vt 0.500000 0.103752
vt 0.493472 0.095979
vt 0.493114 0.103277
vt 0.493979 0.092828
vt 0.500000 0.103752
vt 0.528833 0.180350
vt 0.524309 0.181403
vt 0.522271 0.174685
vt 0.526684 0.171690
vt 0.521062 0.182023
vt 0.519501 0.176747
vt 0.515347 0.172292
vt 0.517155 0.168928
vt 0.484653 0.172292
vt 0.480499 0.176747
vt 0.477729 0.174685
vt 0.482846 0.168928
vt 0.478938 0.182023
vt 0.475691 0.181403
vt 0.471167 0.180350
vt 0.473316 0.171690
vt 0.522041 0.198967
vt 0.519392 0.195066
vt 0.523372 0.188730
vt 0.527402 0.189970
vt 0.517649 0.192988
vt 0.520433 0.187926
vt 0.521062 0.182023
vt 0.524309 0.181403
vt 0.528833 0.180350
vt 0.478938 0.182023
vt 0.479567 0.187926
vt 0.476628 0.188730
vt 0.482351 0.192988
vt 0.480608 0.195066
vt 0.477959 0.198967
vt 0.472598 0.189970
vt 0.471167 0.180350
vt 0.500000 0.204726
vt 0.505886 0.199279
vt 0.512712 0.198727
vt 0.512717 0.204963
vt 0.507816 0.196177
vt 0.512958 0.195764
vt 0.517649 0.192988
vt 0.519392 0.195066
vt 0.482351 0.192988
vt 0.487042 0.195764
vt 0.487288 0.198728
vt 0.480608 0.195066
vt 0.492184 0.196177
vt 0.494114 0.199279
vt 0.487283 0.204963
vt 0.477959 0.198967
vt 0.500000 0.197703
vt 0.500000 0.196473
vt 0.502171 0.197569
vt 0.500000 0.199099
vt 0.500000 0.193873
vt 0.503581 0.194855
vt 0.496419 0.194855
vt 0.497829 0.197569
vt 0.500000 0.193873
vt 0.500000 0.196473
vt 0.500000 0.199099
vt 0.500000 0.157011
vt 0.509516 0.158265
vt 0.509194 0.164943
vt 0.500000 0.163419
vt 0.517155 0.168928
vt 0.508445 0.168777
vt 0.500000 0.167306
vt 0.484653 0.172292
vt 0.482846 0.168928
vt 0.490806 0.164943
vt 0.491555 0.168777
vt 0.490485 0.158265
vt 0.500000 0.163419
vt 0.500000 0.167306
vt 0.507587 0.171841
vt 0.500000 0.170593
vt 0.513573 0.174668
vt 0.511752 0.176218
vt 0.507042 0.175090
vt 0.500000 0.174359
vt 0.488248 0.176218
vt 0.486427 0.174668
vt 0.492413 0.171841
vt 0.492958 0.175090
vt 0.500000 0.170593
vt 0.500000 0.174359
vt 0.500000 0.190899
vt 0.504346 0.192090
vt 0.500000 0.186095
vt 0.505960 0.189533
vt 0.508708 0.191549
vt 0.508462 0.193596
vt 0.491292 0.191549
vt 0.494041 0.189533
vt 0.495654 0.192090
vt 0.491538 0.193596
vt 0.500000 0.190899
vt 0.512584 0.193423
vt 0.511645 0.190936
vt 0.514414 0.189894
vt 0.516015 0.191269
vt 0.485586 0.189894
vt 0.488356 0.190936
vt 0.487416 0.193423
vt 0.483985 0.191269
vt 0.517893 0.187186
vt 0.520433 0.187926
vt 0.514730 0.186939
vt 0.514407 0.182855
vt 0.518223 0.182389
vt 0.485593 0.182855
vt 0.485270 0.186939
vt 0.482107 0.187186
vt 0.481777 0.182389
vt 0.516957 0.178190
vt 0.513315 0.179034
vt 0.513573 0.174668
vt 0.486685 0.179034
vt 0.483043 0.178190
vt 0.486427 0.174668
vt 0.508478 0.183823
vt 0.510217 0.187800
vt 0.514407 0.182855
vt 0.511645 0.190936
vt 0.485270 0.186939
vt 0.489783 0.187800
vt 0.488356 0.190936
vt 0.485593 0.182855
vt 0.491522 0.183823
vt 0.500000 0.179309
vt 0.507446 0.179235
vt 0.508478 0.183823
vt 0.507042 0.175090
vt 0.513315 0.179034
vt 0.492555 0.179235
vt 0.486685 0.179034
vt 0.500000 0.179309
vt 0.491522 0.183823
vt 0.485593 0.182855
vt 0.512717 0.204963
vt 0.515236 0.217417
vt 0.500000 0.222511
vt 0.522041 0.198967
vt 0.527403 0.205884
vt 0.522949 0.234696
vt 0.472597 0.205884
vt 0.484764 0.217417
vt 0.477051 0.234696
vt 0.477959 0.198967
vt 0.527402 0.189970
vt 0.533670 0.191503
vt 0.528833 0.180350
vt 0.535623 0.178409
vt 0.546658 0.173864
vt 0.545319 0.189427
vt 0.453342 0.173864
vt 0.464377 0.178409
vt 0.466330 0.191503
vt 0.454681 0.189427
vt 0.472598 0.189970
vt 0.526684 0.171690
vt 0.534364 0.167907
vt 0.531390 0.157504
vt 0.543810 0.152201
vt 0.545967 0.162573
vt 0.456190 0.152201
vt 0.468610 0.157504
vt 0.465637 0.167907
vt 0.454033 0.162573
vt 0.473316 0.171690
vt 0.528686 0.144471
vt 0.516256 0.131512
vt 0.526243 0.129130
vt 0.541088 0.139892
vt 0.473757 0.129130
vt 0.471315 0.144471
vt 0.458912 0.139892
vt 0.481875 0.147022
vt 0.566506 0.115790
vt 0.572662 0.128735
vt 0.555893 0.134048
vt 0.550950 0.120208
vt 0.576793 0.139604
vt 0.559487 0.145635
vt 0.543810 0.152201
vt 0.541088 0.139892
vt 0.537774 0.125226
vt 0.456190 0.152201
vt 0.440513 0.145635
vt 0.444107 0.134048
vt 0.458912 0.139892
vt 0.423207 0.139604
vt 0.427338 0.128735
vt 0.433494 0.115790
vt 0.449050 0.120208
vt 0.579067 0.148796
vt 0.561857 0.155444
vt 0.580098 0.157660
vt 0.562882 0.165788
vt 0.546658 0.173864
vt 0.545967 0.162573
vt 0.453342 0.173864
vt 0.437118 0.165788
vt 0.438143 0.155444
vt 0.454033 0.162573
vt 0.419902 0.157660
vt 0.420933 0.148796
vt 0.587974 0.179933
vt 0.569710 0.194436
vt 0.563453 0.178955
vt 0.581441 0.167678
vt 0.545319 0.189427
vt 0.546658 0.173864
vt 0.562882 0.165788
vt 0.580098 0.157660
vt 0.454681 0.189427
vt 0.436547 0.178955
vt 0.437118 0.165788
vt 0.430290 0.194436
vt 0.412026 0.179933
vt 0.418559 0.167678
vt 0.419902 0.157660
vt 0.506021 0.092828
vt 0.505318 0.091215
vt 0.509354 0.090002
vt 0.500000 0.092922
vt 0.500000 0.091197
vt 0.500000 0.089829
vt 0.504678 0.089850
vt 0.508107 0.088954
vt 0.500000 0.089829
vt 0.500000 0.091197
vt 0.494682 0.091215
vt 0.495322 0.089850
vt 0.500000 0.092922
vt 0.493979 0.092828
vt 0.490646 0.090002
vt 0.491893 0.088954
vt 0.513415 0.085048
vt 0.510768 0.086397
vt 0.510182 0.082147
vt 0.509366 0.086214
vt 0.508857 0.082755
vt 0.489232 0.086397
vt 0.490634 0.086214
vt 0.486585 0.085048
vt 0.489818 0.082147
vt 0.491143 0.082755
vt 0.510593 0.077071
vt 0.508425 0.078889
vt 0.505941 0.076719
vt 0.510182 0.082147
vt 0.508857 0.082755
vt 0.507259 0.079929
vt 0.505041 0.077966
vt 0.491143 0.082755
vt 0.489818 0.082147
vt 0.491575 0.078889
vt 0.492741 0.079929
vt 0.487439 0.080357
vt 0.489407 0.077071
vt 0.492293 0.074940
vt 0.494059 0.076719
vt 0.494959 0.077966
vt 0.504057 0.073568
vt 0.503061 0.075426
vt 0.500000 0.074988
vt 0.502571 0.076818
vt 0.500000 0.076443
vt 0.496939 0.075426
vt 0.497429 0.076818
vt 0.495943 0.073568
vt 0.500000 0.073060
vt 0.500000 0.074988
vt 0.500000 0.076443
vt 0.502571 0.076818
vt 0.502199 0.078607
vt 0.500000 0.078327
vt 0.504318 0.079484
vt 0.504033 0.081399
vt 0.502117 0.080860
vt 0.500000 0.080667
vt 0.495967 0.081399
vt 0.495682 0.079484
vt 0.497801 0.078607
vt 0.497884 0.080860
vt 0.494959 0.077966
vt 0.497429 0.076818
vt 0.500000 0.078327
vt 0.506231 0.080994
vt 0.507616 0.083112
vt 0.506692 0.083355
vt 0.505597 0.082274
vt 0.493308 0.083355
vt 0.492385 0.083112
vt 0.493769 0.080994
vt 0.494403 0.082274
vt 0.492741 0.079929
vt 0.508027 0.085616
vt 0.506930 0.087537
vt 0.505683 0.085744
vt 0.506693 0.084710
vt 0.494318 0.085744
vt 0.493070 0.087537
vt 0.491973 0.085616
vt 0.493307 0.084710
vt 0.503995 0.088104
vt 0.500000 0.088047
vt 0.500000 0.085801
vt 0.503251 0.085916
vt 0.496005 0.088104
vt 0.496749 0.085916
vt 0.500000 0.085801
vt 0.500000 0.083252
vt 0.502533 0.083402
vt 0.503251 0.085916
vt 0.502117 0.080860
vt 0.504033 0.081399
vt 0.504557 0.083604
vt 0.505683 0.085744
vt 0.497468 0.083402
vt 0.495443 0.083604
vt 0.500000 0.085801
vt 0.496749 0.085916
vt 0.494318 0.085744
vt 0.504557 0.083604
vt 0.505634 0.083590
vt 0.504557 0.083604
vt 0.506693 0.084710
vt 0.494403 0.082274
vt 0.494366 0.083590
vt 0.493307 0.084710
vt 0.495967 0.081399
vt 0.495443 0.083604
vt 0.494318 0.085744
vt 0.495443 0.083604
vt 0.541924 0.284549
vt 0.553497 0.287609
vt 0.551964 0.294790
vt 0.545584 0.275588
vt 0.556333 0.281485
vt 0.562735 0.284843
vt 0.560698 0.289608
vt 0.559849 0.295167
vt 0.437265 0.284843
vt 0.443667 0.281485
vt 0.446504 0.287609
vt 0.439302 0.289608
vt 0.454416 0.275588
vt 0.458076 0.284549
vt 0.448036 0.294790
vt 0.440151 0.295167
vt 0.542702 0.316584
vt 0.539896 0.305771
vt 0.552180 0.302785
vt 0.554481 0.311019
vt 0.560482 0.301287
vt 0.562571 0.307583
vt 0.447820 0.302785
vt 0.439518 0.301287
vt 0.460105 0.305771
vt 0.457298 0.316584
vt 0.445519 0.311019
vt 0.437430 0.307583
vt 0.558393 0.332887
vt 0.549262 0.325934
vt 0.559015 0.318705
vt 0.565290 0.324529
vt 0.565991 0.313526
vt 0.570554 0.318139
vt 0.440985 0.318705
vt 0.434009 0.313526
vt 0.450738 0.325934
vt 0.441607 0.332887
vt 0.434710 0.324528
vt 0.429446 0.318139
vt 0.551445 0.268014
vt 0.560406 0.276447
vt 0.561138 0.262125
vt 0.567254 0.271991
vt 0.571306 0.277459
vt 0.565889 0.280939
vt 0.428694 0.277459
vt 0.432746 0.271991
vt 0.439594 0.276447
vt 0.434111 0.280939
vt 0.448555 0.268014
vt 0.575468 0.258381
vt 0.577867 0.267936
vt 0.589427 0.265922
vt 0.588859 0.272504
vt 0.579701 0.274213
vt 0.411141 0.272504
vt 0.410573 0.265922
vt 0.422133 0.267936
vt 0.420299 0.274213
vt 0.424532 0.258381
vt 0.603343 0.260982
vt 0.599057 0.267500
vt 0.613798 0.267249
vt 0.607459 0.272033
vt 0.603396 0.276967
vt 0.596548 0.273582
vt 0.396604 0.276967
vt 0.392541 0.272033
vt 0.400943 0.267500
vt 0.403452 0.273582
vt 0.386202 0.267249
vt 0.396657 0.260982
vt 0.623258 0.275408
vt 0.615625 0.278381
vt 0.622115 0.285573
vt 0.615600 0.287396
vt 0.610204 0.281797
vt 0.384400 0.287396
vt 0.377885 0.285574
vt 0.384375 0.278380
vt 0.389796 0.281797
vt 0.369444 0.284417
vt 0.376742 0.275408
vt 0.634351 0.293290
vt 0.625383 0.292746
vt 0.625878 0.299268
vt 0.618527 0.298527
vt 0.618172 0.293154
vt 0.381473 0.298527
vt 0.374122 0.299268
vt 0.374617 0.292746
vt 0.381828 0.293154
vt 0.365109 0.301141
vt 0.365649 0.293290
vt 0.632584 0.307515
vt 0.624227 0.304786
vt 0.626901 0.313582
vt 0.619777 0.309803
vt 0.613966 0.307225
vt 0.617395 0.303139
vt 0.386034 0.307225
vt 0.380223 0.309803
vt 0.375773 0.304786
vt 0.382605 0.303139
vt 0.617747 0.320414
vt 0.612221 0.314825
vt 0.603899 0.319509
vt 0.600768 0.314638
vt 0.607714 0.311081
vt 0.399233 0.314638
vt 0.396101 0.319509
vt 0.387780 0.314825
vt 0.392286 0.311081
vt 0.392272 0.327073
vt 0.597130 0.323367
vt 0.591486 0.326163
vt 0.590778 0.319995
vt 0.595272 0.317709
vt 0.409222 0.319995
vt 0.408514 0.326163
vt 0.402870 0.323367
vt 0.404728 0.317709
vt 0.407614 0.336008
vt 0.400606 0.332355
vt 0.585931 0.327771
vt 0.577862 0.338351
vt 0.579738 0.328243
vt 0.581415 0.321470
vt 0.586314 0.321240
vt 0.418585 0.321470
vt 0.420262 0.328243
vt 0.414069 0.327771
vt 0.413686 0.321240
vt 0.422138 0.338351
vt 0.414402 0.338015
vt 0.568440 0.336858
vt 0.572564 0.327473
vt 0.575944 0.320639
vt 0.427436 0.327473
vt 0.424057 0.320639
vt 0.431560 0.336858
vt 0.581415 0.321470
vt 0.575943 0.320639
vt 0.578770 0.315447
vt 0.582808 0.316502
vt 0.570554 0.318139
vt 0.574828 0.313220
vt 0.578615 0.309394
vt 0.581307 0.311143
vt 0.583998 0.312892
vt 0.421385 0.309394
vt 0.425172 0.313220
vt 0.421230 0.315448
vt 0.418694 0.311143
vt 0.429446 0.318139
vt 0.424057 0.320639
vt 0.418585 0.321470
vt 0.417192 0.316502
vt 0.416002 0.312892
vt 0.590778 0.319995
vt 0.586610 0.316499
vt 0.590239 0.315611
vt 0.586827 0.312614
vt 0.589656 0.312336
vt 0.413390 0.316499
vt 0.413173 0.312614
vt 0.413686 0.321240
vt 0.409222 0.319995
vt 0.409761 0.315611
vt 0.410344 0.312336
vt 0.600768 0.314638
vt 0.595272 0.317709
vt 0.593991 0.313813
vt 0.598501 0.311335
vt 0.593002 0.310793
vt 0.596347 0.309249
vt 0.406009 0.313813
vt 0.406999 0.310793
vt 0.404728 0.317709
vt 0.399233 0.314638
vt 0.401499 0.311335
vt 0.403653 0.309249
vt 0.607714 0.311081
vt 0.604158 0.308265
vt 0.609200 0.304949
vt 0.601181 0.305883
vt 0.606014 0.302517
vt 0.395842 0.308264
vt 0.398820 0.305883
vt 0.392286 0.311081
vt 0.390800 0.304949
vt 0.393986 0.302517
vt 0.618527 0.298527
vt 0.617395 0.303139
vt 0.611760 0.301604
vt 0.612592 0.297948
vt 0.606875 0.300019
vt 0.607735 0.297520
vt 0.388240 0.301604
vt 0.393126 0.300019
vt 0.381473 0.298527
vt 0.387408 0.297948
vt 0.392265 0.297520
vt 0.615600 0.287396
vt 0.612342 0.293738
vt 0.610434 0.289223
vt 0.607360 0.294368
vt 0.606985 0.291216
vt 0.387658 0.293738
vt 0.392640 0.294368
vt 0.384400 0.287396
vt 0.389566 0.289223
vt 0.393015 0.291216
vt 0.603396 0.276967
vt 0.610204 0.281797
vt 0.606068 0.284691
vt 0.600570 0.280754
vt 0.602630 0.287150
vt 0.598275 0.283083
vt 0.393932 0.284691
vt 0.397370 0.287150
vt 0.389796 0.281797
vt 0.396604 0.276967
vt 0.399431 0.280754
vt 0.401725 0.283083
vt 0.588859 0.272504
vt 0.595045 0.278155
vt 0.588879 0.277316
vt 0.594071 0.281625
vt 0.589866 0.280167
vt 0.404955 0.278155
vt 0.405930 0.281625
vt 0.411141 0.272504
vt 0.411121 0.277316
vt 0.410134 0.280167
vt 0.581435 0.278749
vt 0.574611 0.281370
vt 0.583109 0.282396
vt 0.576352 0.284624
vt 0.418565 0.278749
vt 0.416891 0.282396
vt 0.420299 0.274212
vt 0.428694 0.277459
vt 0.425389 0.281370
vt 0.423648 0.284624
vt 0.562735 0.284843
vt 0.565889 0.280939
vt 0.570436 0.284278
vt 0.568093 0.287503
vt 0.574592 0.287270
vt 0.572831 0.289915
vt 0.429564 0.284278
vt 0.425409 0.287270
vt 0.434111 0.280939
vt 0.437265 0.284843
vt 0.431908 0.287503
vt 0.427169 0.289915
vt 0.571378 0.309615
vt 0.562571 0.307583
vt 0.568682 0.305146
vt 0.573307 0.303342
vt 0.575961 0.306368
vt 0.426693 0.303342
vt 0.431318 0.305146
vt 0.428622 0.309615
vt 0.424039 0.306368
vt 0.434009 0.313526
vt 0.560482 0.301287
vt 0.567064 0.300316
vt 0.559849 0.295168
vt 0.566435 0.295569
vt 0.572447 0.295716
vt 0.572877 0.299529
vt 0.427553 0.295716
vt 0.433565 0.295569
vt 0.432936 0.300316
vt 0.427123 0.299529
vt 0.440151 0.295167
vt 0.439518 0.301287
vt 0.560698 0.289608
vt 0.566813 0.291277
vt 0.572639 0.292816
vt 0.433187 0.291277
vt 0.427361 0.292816
vt 0.439302 0.289608
vt 0.500000 0.385190
vt 0.516777 0.386408
vt 0.515821 0.407158
vt 0.500000 0.406602
vt 0.534083 0.408694
vt 0.529647 0.428636
vt 0.514824 0.428636
vt 0.500000 0.428636
vt 0.470353 0.428636
vt 0.465917 0.408694
vt 0.484179 0.407158
vt 0.485177 0.428636
vt 0.464549 0.389613
vt 0.483223 0.386408
vt 0.500000 0.385190
vt 0.500000 0.406602
vt 0.556832 0.410758
vt 0.579371 0.411732
vt 0.584616 0.428636
vt 0.557132 0.428636
vt 0.415384 0.428636
vt 0.420629 0.411732
vt 0.443168 0.410758
vt 0.442869 0.428636
vt 0.423122 0.396871
vt 0.443229 0.393828
vt 0.592336 0.396552
vt 0.597451 0.409604
vt 0.605977 0.391859
vt 0.614009 0.403636
vt 0.622301 0.417889
vt 0.603459 0.423263
vt 0.377699 0.417889
vt 0.385991 0.403636
vt 0.402549 0.409604
vt 0.396542 0.423263
vt 0.394023 0.391859
vt 0.621281 0.382365
vt 0.632196 0.392698
vt 0.638037 0.368810
vt 0.651056 0.377824
vt 0.666214 0.388954
vt 0.644258 0.403422
vt 0.333786 0.388954
vt 0.348944 0.377824
vt 0.367804 0.392698
vt 0.355743 0.403422
vt 0.361963 0.368810
vt 0.378719 0.382365
vt 0.654804 0.352697
vt 0.668651 0.359772
vt 0.668910 0.337433
vt 0.683067 0.342199
vt 0.701481 0.344467
vt 0.683848 0.366711
vt 0.298519 0.344467
vt 0.316933 0.342199
vt 0.331349 0.359772
vt 0.316153 0.366711
vt 0.345196 0.352697
vt 0.678116 0.325251
vt 0.691871 0.327820
vt 0.683144 0.311805
vt 0.696460 0.312029
vt 0.712163 0.315527
vt 0.706822 0.329997
vt 0.287837 0.315527
vt 0.303540 0.312029
vt 0.308129 0.327820
vt 0.293178 0.329997
vt 0.316856 0.311805
vt 0.321884 0.325251
vt 0.684695 0.293078
vt 0.697063 0.290249
vt 0.680447 0.272960
vt 0.691932 0.267652
vt 0.707131 0.260944
vt 0.711922 0.285952
vt 0.292869 0.260944
vt 0.308068 0.267652
vt 0.302937 0.290249
vt 0.288078 0.285952
vt 0.319553 0.272960
vt 0.680447 0.272960
vt 0.668706 0.255950
vt 0.679719 0.248846
vt 0.691932 0.267652
vt 0.653327 0.241076
vt 0.664000 0.232869
vt 0.680510 0.223515
vt 0.695919 0.240630
vt 0.707131 0.260944
vt 0.319490 0.223515
vt 0.336000 0.232869
vt 0.320281 0.248846
vt 0.304081 0.240630
vt 0.292869 0.260944
vt 0.653327 0.241076
vt 0.638208 0.226314
vt 0.648351 0.217657
vt 0.664000 0.232869
vt 0.631526 0.202031
vt 0.640218 0.189271
vt 0.663164 0.207287
vt 0.680510 0.223515
vt 0.359782 0.189271
vt 0.368474 0.202031
vt 0.351649 0.217657
vt 0.336836 0.207287
vt 0.378129 0.210918
vt 0.336000 0.232869
vt 0.319490 0.223515
vt 0.603553 0.023452
vt 0.614341 0.026457
vt 0.614876 0.047507
vt 0.597975 0.040208
vt 0.625128 0.029461
vt 0.628764 0.053341
vt 0.627643 0.076039
vt 0.613032 0.067150
vt 0.595852 0.057066
vt 0.372357 0.076039
vt 0.371236 0.053341
vt 0.385124 0.047507
vt 0.386968 0.067150
vt 0.374872 0.029461
vt 0.385660 0.026457
vt 0.396447 0.023452
vt 0.402025 0.040208
vt 0.404148 0.057066
vt 0.546781 0.009442
vt 0.575167 0.016447
vt 0.576080 0.033087
vt 0.553169 0.029708
vt 0.576419 0.048510
vt 0.557078 0.043913
vt 0.423920 0.033087
vt 0.423581 0.048510
vt 0.424833 0.016447
vt 0.453219 0.009442
vt 0.446832 0.029708
vt 0.442923 0.043913
vt 0.500000 0.033223
vt 0.523391 0.021333
vt 0.533089 0.033671
vt 0.518423 0.041365
vt 0.540487 0.044770
vt 0.528540 0.049111
vt 0.466911 0.033671
vt 0.459513 0.044770
vt 0.476610 0.021333
vt 0.481578 0.041365
vt 0.471460 0.049111
vt 0.519161 0.059644
vt 0.512270 0.049564
vt 0.522160 0.054442
vt 0.500000 0.055045
vt 0.500000 0.046920
vt 0.518422 0.041365
vt 0.528540 0.049111
vt 0.500000 0.046920
vt 0.487730 0.049564
vt 0.489666 0.056549
vt 0.480839 0.059644
vt 0.477840 0.054442
vt 0.471460 0.049111
vt 0.525404 0.062574
vt 0.528986 0.058878
vt 0.534133 0.062215
vt 0.534799 0.055696
vt 0.537892 0.059801
vt 0.471015 0.058878
vt 0.465201 0.055696
vt 0.470278 0.065076
vt 0.465867 0.062215
vt 0.462108 0.059801
vt 0.533252 0.067508
vt 0.539759 0.064742
vt 0.546967 0.068559
vt 0.544721 0.060943
vt 0.555423 0.064317
vt 0.460241 0.064742
vt 0.455279 0.060943
vt 0.466748 0.067508
vt 0.462693 0.071208
vt 0.453033 0.068559
vt 0.444577 0.064317
vt 0.550228 0.087584
vt 0.556076 0.075514
vt 0.566198 0.085873
vt 0.546967 0.068559
vt 0.568316 0.071381
vt 0.581580 0.081806
vt 0.444577 0.064317
vt 0.453033 0.068559
vt 0.443924 0.075514
vt 0.431684 0.071381
vt 0.462693 0.071208
vt 0.457030 0.077612
vt 0.449772 0.087584
vt 0.433802 0.085873
vt 0.418420 0.081806
vt 0.558471 0.055810
vt 0.574686 0.061954
vt 0.568316 0.071381
vt 0.557078 0.043913
vt 0.576419 0.048510
vt 0.595852 0.057066
vt 0.591230 0.071750
vt 0.581580 0.081806
vt 0.404148 0.057066
vt 0.423581 0.048510
vt 0.425314 0.061954
vt 0.408770 0.071750
vt 0.442923 0.043913
vt 0.441529 0.055810
vt 0.444577 0.064317
vt 0.431684 0.071381
vt 0.544733 0.054173
vt 0.558471 0.055810
vt 0.540487 0.044770
vt 0.557077 0.043913
vt 0.471460 0.049111
vt 0.465201 0.055696
vt 0.455267 0.054173
vt 0.459513 0.044770
vt 0.441529 0.055810
vt 0.442923 0.043913
vt 0.603014 0.107106
vt 0.593460 0.094491
vt 0.606073 0.083524
vt 0.618415 0.094631
vt 0.591230 0.071750
vt 0.595852 0.057066
vt 0.627643 0.076039
vt 0.408770 0.071750
vt 0.393928 0.083524
vt 0.386968 0.067150
vt 0.406540 0.094491
vt 0.396986 0.107106
vt 0.381585 0.094631
vt 0.566506 0.115790
vt 0.558560 0.101176
vt 0.576143 0.099079
vt 0.584671 0.112786
vt 0.423857 0.099079
vt 0.441440 0.101176
vt 0.415329 0.112786
vt 0.576793 0.139604
vt 0.594692 0.135608
vt 0.595232 0.145343
vt 0.619526 0.131413
vt 0.613814 0.147475
vt 0.608571 0.156991
vt 0.594446 0.153738
vt 0.580098 0.157660
vt 0.391429 0.156991
vt 0.386186 0.147475
vt 0.404768 0.145343
vt 0.405554 0.153738
vt 0.380474 0.131413
vt 0.405309 0.135608
vt 0.420933 0.148796
vt 0.590872 0.124854
vt 0.572662 0.128735
vt 0.603014 0.107106
vt 0.610264 0.118077
vt 0.389737 0.118077
vt 0.409128 0.124854
vt 0.396986 0.107106
vt 0.415329 0.112786
vt 0.433494 0.115790
vt 0.427338 0.128735
vt 0.587974 0.179933
vt 0.581441 0.167678
vt 0.594548 0.161813
vt 0.599872 0.172169
vt 0.608571 0.156991
vt 0.605394 0.163427
vt 0.606804 0.170410
vt 0.391429 0.156991
vt 0.405554 0.153738
vt 0.405452 0.161813
vt 0.394606 0.163427
vt 0.419902 0.157660
vt 0.418559 0.167678
vt 0.412026 0.179933
vt 0.400129 0.172169
vt 0.393196 0.170410
vt 0.599871 0.172169
vt 0.613478 0.186173
vt 0.603208 0.194887
vt 0.617927 0.179213
vt 0.621871 0.210918
vt 0.382073 0.179213
vt 0.386522 0.186173
vt 0.368474 0.202031
vt 0.400129 0.172169
vt 0.922374 0.064228
vt 0.891623 0.097679
vt 0.867108 0.077870
vt 0.891858 0.045729
vt 0.865466 0.119496
vt 0.847946 0.103808
vt 0.826331 0.095429
vt 0.839593 0.065176
vt 0.861342 0.027230
vt 0.173669 0.095429
vt 0.152054 0.103808
vt 0.132892 0.077870
vt 0.160407 0.065176
vt 0.134534 0.119496
vt 0.108377 0.097679
vt 0.077626 0.064228
vt 0.108142 0.045729
vt 0.138658 0.027230
vt 0.805710 0.056486
vt 0.817973 0.019034
vt 0.797985 0.088803
vt 0.761146 0.084697
vt 0.763901 0.051956
vt 0.774604 0.010837
vt 0.238854 0.084697
vt 0.202015 0.088803
vt 0.194290 0.056486
vt 0.236099 0.051956
vt 0.182027 0.019034
vt 0.225396 0.010837
vt 0.713213 0.053480
vt 0.710807 0.019777
vt 0.716002 0.085063
vt 0.667831 0.090156
vt 0.667508 0.056654
vt 0.647010 0.028716
vt 0.332169 0.090156
vt 0.283998 0.085063
vt 0.286787 0.053481
vt 0.332492 0.056654
vt 0.289193 0.019777
vt 0.352990 0.028716
vt 0.642878 0.056331
vt 0.636069 0.029089
vt 0.641743 0.082147
vt 0.627643 0.076039
vt 0.372357 0.076039
vt 0.358257 0.082147
vt 0.357122 0.056331
vt 0.371236 0.053341
vt 0.363931 0.029089
vt 0.618415 0.094631
vt 0.628797 0.103314
vt 0.627643 0.076039
vt 0.641743 0.082147
vt 0.641528 0.112416
vt 0.358257 0.082147
vt 0.371203 0.103314
vt 0.358473 0.112416
vt 0.381585 0.094631
vt 0.695919 0.240630
vt 0.721073 0.229737
vt 0.729848 0.251395
vt 0.706670 0.210875
vt 0.740018 0.196440
vt 0.747508 0.219460
vt 0.753510 0.241834
vt 0.259983 0.196440
vt 0.293330 0.210875
vt 0.278927 0.229737
vt 0.252493 0.219460
vt 0.304081 0.240630
vt 0.270152 0.251395
vt 0.246491 0.241834
vt 0.987633 0.154243
vt 0.934704 0.168068
vt 0.915197 0.129091
vt 0.955004 0.109236
vt 0.896128 0.177540
vt 0.881994 0.144724
vt 0.118006 0.144724
vt 0.084803 0.129091
vt 0.103873 0.177540
vt 0.065297 0.168068
vt 0.012367 0.154243
vt 0.044997 0.109236
vt 0.899807 0.420886
vt 0.868892 0.382737
vt 0.896250 0.358417
vt 0.929385 0.389136
vt 0.845385 0.349477
vt 0.869249 0.330320
vt 0.887250 0.308014
vt 0.918638 0.329726
vt 0.958963 0.357385
vt 0.112750 0.308014
vt 0.130751 0.330319
vt 0.103750 0.358417
vt 0.081362 0.329726
vt 0.154615 0.349477
vt 0.131108 0.382737
vt 0.100193 0.420886
vt 0.070615 0.389136
vt 0.041037 0.357385
vt 0.935976 0.294352
vt 0.979412 0.305458
vt 0.900585 0.282038
vt 0.907259 0.251051
vt 0.946139 0.254228
vt 0.999860 0.253531
vt 0.092741 0.251051
vt 0.099415 0.282038
vt 0.064024 0.294352
vt 0.053861 0.254228
vt 0.020589 0.305458
vt 0.000140 0.253531
vt 0.945040 0.211094
vt 0.993747 0.203887
vt 0.905311 0.214719
vt 0.094689 0.214719
vt 0.054960 0.211094
vt 0.006254 0.203887
vt 0.724763 0.340212
vt 0.718463 0.327870
vt 0.737667 0.319613
vt 0.745142 0.334808
vt 0.732597 0.303068
vt 0.753053 0.294290
vt 0.758828 0.310611
vt 0.767386 0.325333
vt 0.246947 0.294290
vt 0.267403 0.303068
vt 0.262333 0.319613
vt 0.241172 0.310611
vt 0.281537 0.327870
vt 0.275237 0.340212
vt 0.254858 0.334808
vt 0.232614 0.325333
vt 0.767386 0.325333
vt 0.782964 0.300147
vt 0.793667 0.314387
vt 0.753053 0.294290
vt 0.774593 0.284658
vt 0.794728 0.273645
vt 0.806104 0.288188
vt 0.819032 0.301906
vt 0.205272 0.273645
vt 0.225407 0.284658
vt 0.217036 0.300147
vt 0.193896 0.288188
vt 0.246947 0.294290
vt 0.232614 0.325333
vt 0.206333 0.314387
vt 0.180968 0.301906
vt 0.824058 0.274889
vt 0.838248 0.287622
vt 0.810902 0.261307
vt 0.822856 0.248111
vt 0.836824 0.260438
vt 0.851701 0.271726
vt 0.177144 0.248111
vt 0.189098 0.261307
vt 0.175943 0.274889
vt 0.163176 0.260438
vt 0.161752 0.287622
vt 0.148299 0.271726
vt 0.851701 0.271726
vt 0.836824 0.260438
vt 0.845020 0.244939
vt 0.860550 0.254189
vt 0.830972 0.234937
vt 0.835584 0.224788
vt 0.847283 0.227859
vt 0.863440 0.233646
vt 0.164416 0.224788
vt 0.169028 0.234937
vt 0.154980 0.244939
vt 0.152717 0.227859
vt 0.177144 0.248111
vt 0.163176 0.260438
vt 0.148299 0.271726
vt 0.139450 0.254189
vt 0.136560 0.233646
vt 0.813499 0.190705
vt 0.833095 0.188120
vt 0.842088 0.208196
vt 0.827882 0.210681
vt 0.850889 0.184430
vt 0.859324 0.209358
vt 0.863440 0.233646
vt 0.847283 0.227859
vt 0.136560 0.233646
vt 0.140676 0.209358
vt 0.157912 0.208196
vt 0.152717 0.227859
vt 0.149111 0.184430
vt 0.166905 0.188120
vt 0.186501 0.190705
vt 0.172118 0.210681
vt 0.896128 0.177540
vt 0.905312 0.214719
vt 0.878484 0.212918
vt 0.869955 0.181958
vt 0.907259 0.251051
vt 0.881569 0.242801
vt 0.863440 0.233646
vt 0.859324 0.209358
vt 0.850889 0.184430
vt 0.118431 0.242801
vt 0.121516 0.212918
vt 0.140676 0.209358
vt 0.092741 0.251051
vt 0.094689 0.214719
vt 0.103873 0.177540
vt 0.130045 0.181958
vt 0.149111 0.184430
vt 0.900585 0.282038
vt 0.877160 0.267497
vt 0.887250 0.308014
vt 0.866656 0.287999
vt 0.851701 0.271726
vt 0.860550 0.254189
vt 0.133344 0.287999
vt 0.122840 0.267497
vt 0.139450 0.254189
vt 0.112750 0.308014
vt 0.099415 0.282038
vt 0.851578 0.306157
vt 0.845385 0.349477
vt 0.830477 0.322131
vt 0.819032 0.301906
vt 0.180968 0.301906
vt 0.169523 0.322131
vt 0.148422 0.306157
vt 0.161752 0.287623
vt 0.154615 0.349477
vt 0.130751 0.330320
vt 0.815480 0.365643
vt 0.802870 0.335762
vt 0.786623 0.378317
vt 0.775112 0.347298
vt 0.767386 0.325333
vt 0.224889 0.347298
vt 0.197130 0.335762
vt 0.206333 0.314387
vt 0.213377 0.378317
vt 0.184520 0.365643
vt 0.744519 0.390057
vt 0.734641 0.365135
vt 0.753141 0.357000
vt 0.765006 0.387000
vt 0.775112 0.347298
vt 0.786623 0.378317
vt 0.246859 0.357000
vt 0.224889 0.347298
vt 0.265359 0.365135
vt 0.255481 0.390057
vt 0.234994 0.387000
vt 0.824765 0.470987
vt 0.805821 0.418213
vt 0.836442 0.403275
vt 0.862286 0.445937
vt 0.815480 0.365643
vt 0.184520 0.365643
vt 0.163558 0.403275
vt 0.194179 0.418213
vt 0.175235 0.470987
vt 0.137714 0.445937
vt 0.792141 0.464714
vt 0.767161 0.463129
vt 0.751374 0.437427
vt 0.767752 0.429309
vt 0.742181 0.461543
vt 0.734518 0.447059
vt 0.726855 0.432574
vt 0.735687 0.411316
vt 0.273145 0.432574
vt 0.265482 0.447059
vt 0.248626 0.437427
vt 0.264313 0.411316
vt 0.257819 0.461543
vt 0.232839 0.463129
vt 0.207859 0.464714
vt 0.232249 0.429309
vt 0.767752 0.429309
vt 0.783978 0.424258
vt 0.800333 0.458122
vt 0.216022 0.424258
vt 0.232249 0.429309
vt 0.199667 0.458122
vt 0.795638 0.489991
vt 0.793890 0.477353
vt 0.802960 0.473750
vt 0.810202 0.480489
vt 0.800333 0.458122
vt 0.810202 0.480489
vt 0.800333 0.458122
vt 0.197040 0.473750
vt 0.189799 0.480489
vt 0.206111 0.477353
vt 0.204362 0.489991
vt 0.206111 0.477353
vt 0.731910 0.278001
vt 0.753356 0.269191
vt 0.268090 0.278001
vt 0.246644 0.269191
vt 0.753510 0.241834
vt 0.771186 0.234649
vt 0.772378 0.260909
vt 0.753356 0.269191
vt 0.785607 0.225047
vt 0.788532 0.251830
vt 0.794728 0.273645
vt 0.774593 0.284658
vt 0.205272 0.273645
vt 0.211468 0.251830
vt 0.227622 0.260909
vt 0.214393 0.225047
vt 0.228814 0.234649
vt 0.246491 0.241834
vt 0.246644 0.269191
vt 0.797150 0.219961
vt 0.801747 0.241119
vt 0.802950 0.203415
vt 0.811700 0.228910
vt 0.822856 0.248111
vt 0.188300 0.228910
vt 0.198253 0.241119
vt 0.189098 0.261307
vt 0.197050 0.203415
vt 0.202850 0.219961
vt 0.827882 0.210681
vt 0.819264 0.218244
vt 0.808225 0.197060
vt 0.830972 0.234937
vt 0.177144 0.248111
vt 0.180736 0.218244
vt 0.188300 0.228910
vt 0.172118 0.210681
vt 0.191776 0.197060
vt 0.716002 0.085063
vt 0.722702 0.112664
vt 0.683158 0.117844
vt 0.761146 0.084697
vt 0.762807 0.110868
vt 0.767097 0.133044
vt 0.732138 0.137866
vt 0.689580 0.148245
vt 0.232904 0.133044
vt 0.237193 0.110868
vt 0.277298 0.112664
vt 0.267863 0.137866
vt 0.238854 0.084697
vt 0.283998 0.085063
vt 0.316842 0.117844
vt 0.310420 0.148245
vt 0.716478 0.174594
vt 0.745720 0.160891
vt 0.759568 0.177894
vt 0.732138 0.137866
vt 0.767097 0.133044
vt 0.772483 0.153402
vt 0.780113 0.169386
vt 0.254280 0.160891
vt 0.227517 0.153402
vt 0.283522 0.174594
vt 0.240432 0.177894
vt 0.219887 0.169386
vt 0.687300 0.191929
vt 0.663866 0.173159
vt 0.336135 0.173159
vt 0.312700 0.191929
vt 0.624964 0.169041
vt 0.637763 0.157591
vt 0.649717 0.139803
vt 0.386187 0.147475
vt 0.362238 0.157591
vt 0.350283 0.139803
vt 0.391429 0.156991
vt 0.375036 0.169041
vt 0.656629 0.122976
vt 0.649717 0.139803
vt 0.683158 0.117844
vt 0.683158 0.117844
vt 0.343371 0.122976
vt 0.358473 0.112416
vt 0.358473 0.112416
vt 0.617927 0.179213
vt 0.615823 0.170880
vt 0.624964 0.169041
vt 0.605394 0.163427
vt 0.605394 0.163427
vt 0.394606 0.163427
vt 0.384177 0.170880
vt 0.394606 0.163427
vt 0.375036 0.169041
vt 0.382074 0.179213
vt 0.808644 0.180943
vt 0.824462 0.171350
vt 0.833095 0.188120
vt 0.803789 0.171181
vt 0.813087 0.158813
vt 0.825784 0.140699
vt 0.840739 0.162092
vt 0.850890 0.184430
vt 0.174216 0.140699
vt 0.186913 0.158813
vt 0.175538 0.171350
vt 0.159261 0.162092
vt 0.196211 0.171181
vt 0.191356 0.180943
vt 0.166905 0.188120
vt 0.869955 0.181958
vt 0.858660 0.154629
vt 0.840739 0.162092
vt 0.846783 0.132955
vt 0.141340 0.154629
vt 0.153217 0.132955
vt 0.130045 0.181958
vt 0.795122 0.153023
vt 0.791951 0.170284
vt 0.797272 0.134276
vt 0.813087 0.158813
vt 0.202728 0.134276
vt 0.204878 0.153023
vt 0.208049 0.170284
vt 0.797985 0.088803
vt 0.796426 0.113704
vt 0.826331 0.095429
vt 0.822278 0.117915
vt 0.177722 0.117915
vt 0.203574 0.113704
vt 0.173669 0.095429
vt 0.865466 0.119496
vt 0.838413 0.119035
vt 0.822278 0.117915
vt 0.846783 0.132955
vt 0.826331 0.095429
vt 0.847946 0.103808
vt 0.173669 0.095429
vt 0.177722 0.117915
vt 0.161587 0.119035
vt 0.152054 0.103808
vt 0.153217 0.132955
vt 0.177722 0.117915
vt 0.134534 0.119496
vt 0.153217 0.132955
vt 0.574628 0.959188
vt 0.519572 0.959188
vt 0.516045 0.922936
vt 0.561802 0.915652
vt 0.464516 0.959188
vt 0.474551 0.920758
vt 0.478397 0.891177
vt 0.511865 0.891435
vt 0.546486 0.884398
vt 0.271829 0.891177
vt 0.275675 0.920758
vt 0.234181 0.922936
vt 0.238361 0.891435
vt 0.285710 0.959188
vt 0.230654 0.959188
vt 0.175598 0.959188
vt 0.188424 0.915652
vt 0.203740 0.884398
vt 0.561802 0.915652
vt 0.609269 0.895978
vt 0.645261 0.928129
vt 0.579383 0.869204
vt 0.602918 0.845870
vt 0.644486 0.864912
vt 0.715894 0.897069
vt 0.147308 0.845870
vt 0.170843 0.869204
vt 0.140958 0.895978
vt 0.105740 0.864912
vt 0.188424 0.915652
vt 0.104965 0.928129
vt 0.034332 0.897069
vt 0.651095 0.821545
vt 0.699884 0.827040
vt 0.610634 0.815930
vt 0.605563 0.786110
vt 0.640167 0.779387
vt 0.683874 0.757011
vt 0.144664 0.786110
vt 0.139592 0.815930
vt 0.099131 0.821545
vt 0.110059 0.779387
vt 0.050342 0.827040
vt 0.066352 0.757011
vt 0.619586 0.751802
vt 0.642922 0.736745
vt 0.592711 0.762554
vt 0.575509 0.743899
vt 0.596736 0.732188
vt 0.616494 0.718829
vt 0.174717 0.743899
vt 0.157515 0.762554
vt 0.130640 0.751802
vt 0.153490 0.732188
vt 0.107304 0.736745
vt 0.133732 0.718829
vt 0.596736 0.732188
vt 0.574099 0.714494
vt 0.592767 0.700818
vt 0.556364 0.727394
vt 0.535174 0.712262
vt 0.550439 0.697425
vt 0.568762 0.682226
vt 0.215052 0.712262
vt 0.193862 0.727394
vt 0.176127 0.714494
vt 0.199788 0.697425
vt 0.174717 0.743899
vt 0.153490 0.732188
vt 0.133732 0.718829
vt 0.157460 0.700818
vt 0.181464 0.682226
vt 0.523844 0.680612
vt 0.542017 0.662681
vt 0.511127 0.698351
vt 0.483059 0.686046
vt 0.492106 0.663910
vt 0.509951 0.641511
vt 0.267167 0.686046
vt 0.239099 0.698351
vt 0.226383 0.680612
vt 0.258121 0.663910
vt 0.208209 0.662681
vt 0.240275 0.641510
vt 0.523035 0.725478
vt 0.502570 0.713953
vt 0.513367 0.736876
vt 0.496558 0.727138
vt 0.478437 0.719479
vt 0.479512 0.704615
vt 0.271789 0.719479
vt 0.253668 0.727138
vt 0.247656 0.713953
vt 0.270714 0.704615
vt 0.236859 0.736876
vt 0.227191 0.725478
vt 0.556793 0.753282
vt 0.541105 0.738607
vt 0.541246 0.760746
vt 0.528405 0.748145
vt 0.221821 0.748145
vt 0.209121 0.738607
vt 0.208980 0.760746
vt 0.193433 0.753282
vt 0.605562 0.786110
vt 0.578305 0.788819
vt 0.569742 0.769732
vt 0.592711 0.762554
vt 0.557492 0.789842
vt 0.551327 0.774608
vt 0.198899 0.774608
vt 0.180484 0.769732
vt 0.192734 0.789842
vt 0.171921 0.788819
vt 0.144664 0.786110
vt 0.157515 0.762554
vt 0.602918 0.845870
vt 0.573835 0.831938
vt 0.580442 0.810681
vt 0.610634 0.815930
vt 0.553278 0.821575
vt 0.558490 0.806171
vt 0.191736 0.806171
vt 0.169784 0.810681
vt 0.196948 0.821575
vt 0.176391 0.831938
vt 0.147308 0.845870
vt 0.139592 0.815930
vt 0.546486 0.884398
vt 0.534023 0.860442
vt 0.557245 0.848936
vt 0.579383 0.869204
vt 0.524733 0.842213
vt 0.541426 0.833901
vt 0.208800 0.833901
vt 0.192981 0.848936
vt 0.225493 0.842213
vt 0.216203 0.860442
vt 0.203740 0.884398
vt 0.546486 0.884398
vt 0.511865 0.891435
vt 0.508191 0.866036
vt 0.534023 0.860442
vt 0.478397 0.891177
vt 0.481859 0.866134
vt 0.485167 0.845417
vt 0.505421 0.846022
vt 0.524733 0.842213
vt 0.265059 0.845417
vt 0.268367 0.866134
vt 0.242035 0.866036
vt 0.244805 0.846022
vt 0.271829 0.891177
vt 0.238361 0.891435
vt 0.216203 0.860442
vt 0.225493 0.842213
vt 0.759568 0.177894
vt 0.770332 0.184676
vt 0.763030 0.197103
vt 0.783132 0.175257
vt 0.786150 0.181127
vt 0.777626 0.186156
vt 0.774208 0.194778
vt 0.213850 0.181127
vt 0.216869 0.175257
vt 0.229668 0.184676
vt 0.222374 0.186156
vt 0.240432 0.177894
vt 0.236970 0.197103
vt 0.225792 0.194778
vt 0.408153 0.587507
vt 0.469381 0.617758
vt 0.453411 0.647273
vt 0.408882 0.630765
vt 0.509951 0.641510
vt 0.492105 0.663910
vt 0.483059 0.686046
vt 0.450049 0.676375
vt 0.409610 0.674022
vt 0.267167 0.686046
vt 0.296815 0.647273
vt 0.300177 0.676375
vt 0.240275 0.641510
vt 0.280845 0.617758
vt 0.342073 0.587507
vt 0.341345 0.630765
vt 0.340616 0.674022
vt 0.765874 0.213520
vt 0.771186 0.234649
vt 0.777530 0.207879
vt 0.234126 0.213520
vt 0.222470 0.207879
vt 0.228814 0.234649
vt 0.400301 0.910556
vt 0.407228 0.894437
vt 0.439551 0.909525
vt 0.432409 0.934872
vt 0.414155 0.878318
vt 0.447072 0.885130
vt 0.478397 0.891177
vt 0.474551 0.920758
vt 0.271829 0.891177
vt 0.303154 0.885131
vt 0.310675 0.909525
vt 0.275675 0.920758
vt 0.336071 0.878318
vt 0.342998 0.894437
vt 0.349925 0.910556
vt 0.317818 0.934872
vt 0.479512 0.704615
vt 0.454406 0.698551
vt 0.450049 0.676375
vt 0.460003 0.714724
vt 0.444369 0.714480
vt 0.432071 0.698602
vt 0.305857 0.714480
vt 0.290223 0.714724
vt 0.295820 0.698551
vt 0.318155 0.698602
vt 0.270714 0.704615
vt 0.430148 0.728711
vt 0.415721 0.720660
vt 0.419682 0.707193
vt 0.434438 0.719796
vt 0.392812 0.710774
vt 0.401211 0.692398
vt 0.432071 0.698602
vt 0.444369 0.714480
vt 0.349015 0.692398
vt 0.330544 0.707194
vt 0.318155 0.698602
vt 0.357414 0.710774
vt 0.334505 0.720660
vt 0.320078 0.728711
vt 0.315788 0.719796
vt 0.305857 0.714480
vt 0.423608 0.756432
vt 0.411463 0.743520
vt 0.420204 0.736114
vt 0.427559 0.748080
vt 0.415721 0.720660
vt 0.430148 0.728711
vt 0.430302 0.738481
vt 0.431951 0.745678
vt 0.334505 0.720660
vt 0.330022 0.736114
vt 0.319924 0.738481
vt 0.338763 0.743520
vt 0.326618 0.756432
vt 0.322667 0.748080
vt 0.318275 0.745678
vt 0.427743 0.795436
vt 0.412294 0.802298
vt 0.409195 0.769765
vt 0.423542 0.773857
vt 0.391578 0.815187
vt 0.392195 0.762981
vt 0.358031 0.762981
vt 0.341031 0.769765
vt 0.358648 0.815187
vt 0.337932 0.802298
vt 0.322483 0.795436
vt 0.326684 0.773857
vt 0.402867 0.846753
vt 0.420886 0.829514
vt 0.435134 0.849876
vt 0.412294 0.802298
vt 0.427743 0.795436
vt 0.436040 0.815125
vt 0.448675 0.830507
vt 0.337932 0.802298
vt 0.329340 0.829514
vt 0.314186 0.815125
vt 0.347360 0.846753
vt 0.315092 0.849876
vt 0.301551 0.830507
vt 0.447072 0.885131
vt 0.456683 0.861151
vt 0.481859 0.866134
vt 0.465599 0.840461
vt 0.485167 0.845417
vt 0.293543 0.861151
vt 0.284627 0.840461
vt 0.303154 0.885131
vt 0.268367 0.866134
vt 0.265059 0.845417
vt 0.791773 0.206854
vt 0.797593 0.206598
vt 0.797710 0.195652
vt 0.800145 0.197705
vt 0.802580 0.199758
vt 0.802765 0.201587
vt 0.197420 0.199758
vt 0.199855 0.197705
vt 0.202407 0.206598
vt 0.197235 0.201587
vt 0.202290 0.195652
vt 0.208228 0.206854
vt 0.202850 0.219961
vt 0.786094 0.199471
vt 0.791773 0.206854
vt 0.782492 0.190815
vt 0.789609 0.184671
vt 0.793660 0.190162
vt 0.210391 0.184671
vt 0.217508 0.190815
vt 0.213906 0.199471
vt 0.206341 0.190162
vt 0.208228 0.206854
vt 0.774208 0.194778
vt 0.782271 0.186127
vt 0.787880 0.182899
vt 0.777626 0.186156
vt 0.782492 0.190815
vt 0.787880 0.182899
vt 0.212121 0.182899
vt 0.217730 0.186127
vt 0.217508 0.190815
vt 0.222374 0.186156
vt 0.212121 0.182899
vt 0.225792 0.194778
vt 0.217508 0.190815
vt 0.222374 0.186156
vt 0.465599 0.840461
vt 0.472511 0.824106
vt 0.487963 0.828981
vt 0.458652 0.815659
vt 0.466180 0.803889
vt 0.477937 0.811208
vt 0.490554 0.816033
vt 0.284046 0.803889
vt 0.291574 0.815659
vt 0.277715 0.824106
vt 0.272289 0.811208
vt 0.301551 0.830507
vt 0.262263 0.828981
vt 0.259672 0.816033
vt 0.436040 0.815125
vt 0.447530 0.803765
vt 0.427743 0.795436
vt 0.439422 0.789579
vt 0.448088 0.783689
vt 0.456118 0.794388
vt 0.302138 0.783689
vt 0.310804 0.789579
vt 0.302697 0.803765
vt 0.294108 0.794388
vt 0.322483 0.795436
vt 0.314186 0.815125
vt 0.423542 0.773857
vt 0.434430 0.774883
vt 0.432908 0.762868
vt 0.438903 0.765722
vt 0.442266 0.773174
vt 0.448088 0.783689
vt 0.311323 0.765722
vt 0.317318 0.762868
vt 0.315796 0.774883
vt 0.307960 0.773174
vt 0.310804 0.789579
vt 0.302138 0.783689
vt 0.427559 0.748080
vt 0.434934 0.755645
vt 0.437813 0.750373
vt 0.444880 0.756293
vt 0.441639 0.761612
vt 0.305346 0.756293
vt 0.312414 0.750373
vt 0.315292 0.755645
vt 0.308587 0.761612
vt 0.322667 0.748080
vt 0.439277 0.743779
vt 0.441036 0.736364
vt 0.450156 0.743396
vt 0.447517 0.750025
vt 0.300070 0.743396
vt 0.309190 0.736364
vt 0.310949 0.743780
vt 0.302709 0.750025
vt 0.434438 0.719796
vt 0.445033 0.729698
vt 0.444369 0.714480
vt 0.452267 0.725889
vt 0.456628 0.732950
vt 0.453480 0.737248
vt 0.293598 0.732950
vt 0.297959 0.725889
vt 0.305193 0.729698
vt 0.296746 0.737248
vt 0.315788 0.719796
vt 0.460003 0.714724
vt 0.463534 0.726810
vt 0.478437 0.719479
vt 0.477300 0.731314
vt 0.475253 0.740887
vt 0.464370 0.735905
vt 0.274973 0.740887
vt 0.272926 0.731314
vt 0.286692 0.726810
vt 0.285856 0.735905
vt 0.271789 0.719479
vt 0.505421 0.846021
vt 0.503644 0.830386
vt 0.518173 0.828287
vt 0.487963 0.828981
vt 0.490554 0.816033
vt 0.503021 0.818250
vt 0.514138 0.817861
vt 0.259672 0.816033
vt 0.262263 0.828981
vt 0.246582 0.830386
vt 0.247205 0.818250
vt 0.244805 0.846021
vt 0.225493 0.842213
vt 0.232053 0.828287
vt 0.236088 0.817861
vt 0.553278 0.821575
vt 0.530198 0.822686
vt 0.538533 0.813905
vt 0.522718 0.814756
vt 0.528105 0.808602
vt 0.220028 0.822686
vt 0.227508 0.814756
vt 0.208800 0.833901
vt 0.196948 0.821575
vt 0.211693 0.813905
vt 0.222121 0.808602
vt 0.557492 0.789842
vt 0.558490 0.806171
vt 0.542359 0.802666
vt 0.541688 0.790371
vt 0.530589 0.800274
vt 0.529884 0.790937
vt 0.207867 0.802666
vt 0.219637 0.800274
vt 0.191736 0.806171
vt 0.208538 0.790370
vt 0.220342 0.790937
vt 0.541246 0.760746
vt 0.536851 0.778343
vt 0.528652 0.766937
vt 0.541688 0.790371
vt 0.529884 0.790938
vt 0.525704 0.781560
vt 0.518616 0.772368
vt 0.220342 0.790938
vt 0.208538 0.790371
vt 0.213375 0.778343
vt 0.224522 0.781560
vt 0.192734 0.789842
vt 0.198899 0.774608
vt 0.221574 0.766937
vt 0.231610 0.772368
vt 0.513367 0.736876
vt 0.517955 0.756285
vt 0.505399 0.746589
vt 0.509370 0.763442
vt 0.498612 0.755016
vt 0.232271 0.756285
vt 0.240856 0.763442
vt 0.221821 0.748145
vt 0.244827 0.746589
vt 0.251614 0.755016
vt 0.496558 0.727138
vt 0.491597 0.738115
vt 0.477300 0.731314
vt 0.486986 0.747379
vt 0.475253 0.740887
vt 0.258629 0.738115
vt 0.263240 0.747379
vt 0.253668 0.727138
vt 0.272926 0.731314
vt 0.274973 0.740887
vt 0.444880 0.756293
vt 0.447517 0.750025
vt 0.455685 0.756610
vt 0.452087 0.763081
vt 0.450156 0.743396
vt 0.459045 0.749893
vt 0.468180 0.756304
vt 0.464135 0.763449
vt 0.459747 0.770475
vt 0.282046 0.756304
vt 0.291181 0.749893
vt 0.294541 0.756610
vt 0.286091 0.763449
vt 0.300070 0.743396
vt 0.302709 0.750025
vt 0.305346 0.756293
vt 0.298139 0.763080
vt 0.290479 0.770475
vt 0.473058 0.770482
vt 0.468227 0.778068
vt 0.477670 0.763032
vt 0.487212 0.769934
vt 0.482260 0.777402
vt 0.477403 0.785326
vt 0.263014 0.769934
vt 0.272556 0.763032
vt 0.277168 0.770482
vt 0.267966 0.777402
vt 0.281999 0.778068
vt 0.272823 0.785326
vt 0.491422 0.783852
vt 0.486979 0.791737
vt 0.496379 0.776723
vt 0.504655 0.783088
vt 0.500080 0.789536
vt 0.496472 0.797007
vt 0.245572 0.783088
vt 0.253848 0.776723
vt 0.258804 0.783852
vt 0.250146 0.789536
vt 0.263247 0.791737
vt 0.253754 0.797007
vt 0.496472 0.797007
vt 0.500080 0.789536
vt 0.507840 0.794163
vt 0.505391 0.800947
vt 0.504655 0.783088
vt 0.511487 0.788671
vt 0.515916 0.792605
vt 0.514839 0.797337
vt 0.513407 0.803572
vt 0.234310 0.792605
vt 0.238739 0.788671
vt 0.242386 0.794163
vt 0.235387 0.797337
vt 0.245572 0.783088
vt 0.250146 0.789536
vt 0.253754 0.797007
vt 0.244835 0.800947
vt 0.236819 0.803572
vt 0.503671 0.808749
vt 0.512591 0.810111
vt 0.493347 0.805634
vt 0.496472 0.797007
vt 0.505391 0.800947
vt 0.513407 0.803572
vt 0.256879 0.805634
vt 0.246555 0.808749
vt 0.244835 0.800947
vt 0.237635 0.810111
vt 0.236819 0.803572
vt 0.466180 0.803889
vt 0.472218 0.793997
vt 0.482612 0.800664
vt 0.493347 0.805634
vt 0.267614 0.800664
vt 0.278008 0.793996
vt 0.284046 0.803889
vt 0.272289 0.811207
vt 0.462780 0.785958
vt 0.472218 0.793996
vt 0.454615 0.777290
vt 0.468227 0.778068
vt 0.477403 0.785326
vt 0.290479 0.770475
vt 0.295611 0.777290
vt 0.287446 0.785958
vt 0.281999 0.778068
vt 0.278008 0.793997
vt 0.444880 0.756293
vt 0.452087 0.763080
vt 0.447806 0.768861
vt 0.441639 0.761612
vt 0.459747 0.770475
vt 0.454615 0.777290
vt 0.442266 0.773174
vt 0.302138 0.783689
vt 0.295611 0.777290
vt 0.302420 0.768861
vt 0.307960 0.773174
vt 0.290479 0.770475
vt 0.298139 0.763080
vt 0.305346 0.756293
vt 0.308587 0.761612
vt 0.462329 0.743171
vt 0.453481 0.737248
vt 0.472052 0.748977
vt 0.468180 0.756304
vt 0.450156 0.743396
vt 0.282046 0.756304
vt 0.278174 0.748977
vt 0.287897 0.743171
vt 0.291181 0.749893
vt 0.296746 0.737248
vt 0.498612 0.755016
vt 0.492608 0.762628
vt 0.482333 0.755496
vt 0.486986 0.747379
vt 0.487212 0.769934
vt 0.477670 0.763032
vt 0.472052 0.748977
vt 0.282046 0.756304
vt 0.267893 0.755496
vt 0.278174 0.748977
vt 0.263014 0.769934
vt 0.257618 0.762628
vt 0.251614 0.755016
vt 0.263240 0.747379
vt 0.274973 0.740887
vt 0.510721 0.777545
vt 0.502268 0.770080
vt 0.509370 0.763442
vt 0.496379 0.776723
vt 0.253848 0.776723
vt 0.247958 0.770081
vt 0.245572 0.783088
vt 0.239505 0.777545
vt 0.231610 0.772368
vt 0.240856 0.763442
vt 0.521280 0.791790
vt 0.517340 0.784766
vt 0.525704 0.781560
vt 0.511487 0.788671
vt 0.510721 0.777545
vt 0.518616 0.772367
vt 0.238739 0.788671
vt 0.232886 0.784766
vt 0.239505 0.777545
vt 0.228946 0.791790
vt 0.220342 0.790937
vt 0.224522 0.781560
vt 0.231610 0.772368
vt 0.528105 0.808602
vt 0.520518 0.805432
vt 0.521914 0.798867
vt 0.530589 0.800274
vt 0.235387 0.797337
vt 0.228313 0.798867
vt 0.229708 0.805432
vt 0.222121 0.808602
vt 0.514138 0.817861
vt 0.512591 0.810111
vt 0.518623 0.810120
vt 0.522718 0.814756
vt 0.513407 0.803572
vt 0.522718 0.814756
vt 0.520518 0.805432
vt 0.222121 0.808602
vt 0.229708 0.805432
vt 0.231603 0.810120
vt 0.236819 0.803572
vt 0.237635 0.810111
vt 0.229708 0.805432
vt 0.236088 0.817861
vt 0.227508 0.814756
vt 0.568762 0.682226
vt 0.542017 0.662681
vt 0.566273 0.646693
vt 0.589878 0.668123
vt 0.509951 0.641510
vt 0.538478 0.622491
vt 0.573626 0.608689
vt 0.594854 0.633867
vt 0.613430 0.656303
vt 0.176600 0.608689
vt 0.211748 0.622491
vt 0.183953 0.646693
vt 0.155372 0.633867
vt 0.240275 0.641510
vt 0.181464 0.682226
vt 0.160348 0.668123
vt 0.136796 0.656303
vt 0.592767 0.700818
vt 0.611015 0.687599
vt 0.631455 0.705072
vt 0.589878 0.668123
vt 0.613430 0.656303
vt 0.629727 0.676448
vt 0.644209 0.693364
vt 0.136796 0.656303
vt 0.160348 0.668123
vt 0.139211 0.687599
vt 0.120499 0.676448
vt 0.157460 0.700818
vt 0.118771 0.705072
vt 0.106017 0.693364
vt 0.642922 0.736745
vt 0.652619 0.719468
vt 0.673244 0.724813
vt 0.657429 0.705559
vt 0.668306 0.711200
vt 0.097607 0.719468
vt 0.092797 0.705559
vt 0.107304 0.736745
vt 0.076982 0.724813
vt 0.081920 0.711200
vt 0.727131 0.698475
vt 0.705503 0.727743
vt 0.688458 0.712496
vt 0.697858 0.689895
vt 0.673880 0.702051
vt 0.676134 0.685740
vt 0.061769 0.712496
vt 0.076346 0.702051
vt 0.044724 0.727743
vt 0.023095 0.698475
vt 0.052368 0.689895
vt 0.074092 0.685740
vt 0.729804 0.624370
vt 0.728468 0.661423
vt 0.699766 0.662313
vt 0.697046 0.633912
vt 0.673443 0.664330
vt 0.666976 0.640519
vt 0.050460 0.662313
vt 0.076783 0.664330
vt 0.021759 0.661423
vt 0.020422 0.624370
vt 0.053180 0.633911
vt 0.083250 0.640519
vt 0.721292 0.572934
vt 0.725548 0.598652
vt 0.691519 0.608294
vt 0.685094 0.585386
vt 0.658096 0.616815
vt 0.648021 0.594018
vt 0.058707 0.608294
vt 0.092130 0.616815
vt 0.024678 0.598652
vt 0.028934 0.572934
vt 0.065132 0.585385
vt 0.102205 0.594018
vt 0.666976 0.640519
vt 0.639121 0.647453
vt 0.625722 0.624589
vt 0.658096 0.616815
vt 0.594854 0.633867
vt 0.573626 0.608689
vt 0.610651 0.600456
vt 0.155372 0.633867
vt 0.124504 0.624589
vt 0.139575 0.600456
vt 0.136796 0.656303
vt 0.111105 0.647453
vt 0.083250 0.640519
vt 0.102205 0.594018
vt 0.650242 0.668729
vt 0.639121 0.647453
vt 0.658459 0.686389
vt 0.644209 0.693364
vt 0.629727 0.676448
vt 0.613430 0.656303
vt 0.106017 0.693364
vt 0.091767 0.686389
vt 0.099984 0.668729
vt 0.120499 0.676449
vt 0.676134 0.685740
vt 0.663087 0.697564
vt 0.658459 0.686389
vt 0.657429 0.705559
vt 0.673880 0.702051
vt 0.644209 0.693364
vt 0.657429 0.705559
vt 0.106017 0.693364
vt 0.092797 0.705559
vt 0.087139 0.697564
vt 0.091767 0.686389
vt 0.076346 0.702051
vt 0.092797 0.705559
vt 0.074092 0.685740
vt 0.091767 0.686389
vt 0.076346 0.702051
vt 0.630034 0.557583
vt 0.673872 0.547863
vt 0.679222 0.565658
vt 0.637955 0.572856
vt 0.717709 0.538143
vt 0.719501 0.555539
vt 0.685094 0.585385
vt 0.030726 0.555539
vt 0.071005 0.565658
vt 0.065132 0.585385
vt 0.032517 0.538143
vt 0.076355 0.547863
vt 0.120192 0.557583
vt 0.112271 0.572856
vt 0.102205 0.594018
vt 0.594605 0.574978
vt 0.578456 0.548409
vt 0.610651 0.600456
vt 0.573626 0.608689
vt 0.549921 0.579473
vt 0.526877 0.539235
vt 0.176600 0.608689
vt 0.139575 0.600456
vt 0.155621 0.574978
vt 0.200305 0.579473
vt 0.112271 0.572856
vt 0.171771 0.548409
vt 0.223349 0.539235
vt 0.467515 0.563371
vt 0.505198 0.594610
vt 0.469381 0.617758
vt 0.538478 0.622491
vt 0.176600 0.608689
vt 0.200305 0.579473
vt 0.245028 0.594610
vt 0.211748 0.622491
vt 0.282711 0.563371
vt 0.280845 0.617758
s 0
f 23/1/1 443/2/1 1319/3/1 442/4/1
f 443/2/2 108/5/2 444/6/2 1319/3/2
f 1319/3/3 444/6/3 110/7/3 445/8/3
f 442/4/4 1319/3/4 445/8/4 25/9/4
f 110/10/5 446/11/5 1320/12/5 445/13/5
f 446/11/6 109/14/6 447/15/6 1320/12/6
f 1320/12/7 447/15/7 24/16/7 448/17/7
f 445/13/8 1320/12/8 448/17/8 25/18/8
f 21/19/9 450/20/9 1321/21/9 449/22/9
f 450/20/10 106/23/10 451/24/10 1321/21/10
f 1321/21/11 451/24/11 108/5/11 443/2/11
f 449/22/12 1321/21/12 443/2/12 23/1/12
f 109/14/13 452/25/13 1322/26/13 447/15/13
f 452/25/14 107/27/14 453/28/14 1322/26/14
f 1322/26/15 453/28/15 22/29/15 454/30/15
f 447/15/16 1322/26/16 454/30/16 24/16/16
f 19/31/17 456/32/17 1323/33/17 455/34/17
f 456/32/18 104/35/18 457/36/18 1323/33/18
f 1323/33/19 457/36/19 106/23/19 450/20/19
f 455/34/20 1323/33/20 450/20/20 21/19/20
f 107/27/21 458/37/21 1324/38/21 453/28/21
f 458/37/22 105/39/22 459/40/22 1324/38/22
f 1324/38/23 459/40/23 20/41/23 460/42/23
f 453/28/24 1324/38/24 460/42/24 22/29/24
f 17/43/25 462/44/25 1325/45/25 461/46/25
f 462/44/26 102/47/26 463/48/26 1325/45/26
f 1325/45/27 463/48/27 104/35/27 456/32/27
f 461/46/28 1325/45/28 456/32/28 19/31/28
f 105/39/29 464/49/29 1326/50/29 459/40/29
f 464/49/30 103/51/30 465/52/30 1326/50/30
f 1326/50/31 465/52/31 18/53/31 466/54/31
f 459/40/32 1326/50/32 466/54/32 20/41/32
f 15/55/33 468/56/33 1327/57/33 467/58/33
f 468/56/34 100/59/34 469/60/34 1327/57/34
f 1327/57/35 469/60/35 102/47/35 462/44/35
f 467/58/36 1327/57/36 462/44/36 17/43/36
f 103/51/37 470/61/37 1328/62/37 465/52/37
f 470/61/38 101/63/38 471/64/38 1328/62/38
f 1328/62/39 471/64/39 16/65/39 472/66/39
f 465/52/40 1328/62/40 472/66/40 18/53/40
f 13/67/41 474/68/41 1329/69/41 473/70/41
f 474/68/42 26/71/42 475/72/42 1329/69/42
f 1329/69/43 475/72/43 80/73/43 476/74/43
f 473/70/44 1329/69/44 476/74/44 98/75/44
f 81/76/45 478/77/45 1330/78/45 477/79/45
f 478/77/46 27/80/46 479/81/46 1330/78/46
f 1330/78/47 479/81/47 14/82/47 480/83/47
f 477/79/48 1330/78/48 480/83/48 99/84/48
f 26/85/49 481/86/49 1331/87/49 475/88/49
f 481/86/50 28/89/50 482/90/50 1331/87/50
f 1331/87/51 482/90/51 82/91/51 483/92/51
f 475/88/52 1331/87/52 483/92/52 80/93/52
f 83/94/53 485/95/53 1332/96/53 484/97/53
f 485/95/54 29/98/54 486/99/54 1332/96/54
f 1332/96/55 486/99/55 27/100/55 478/101/55
f 484/97/56 1332/96/56 478/101/56 81/102/56
f 28/89/57 487/103/57 1333/104/57 482/90/57
f 487/103/58 30/105/58 488/106/58 1333/104/58
f 1333/104/59 488/106/59 84/107/59 489/108/59
f 482/90/60 1333/104/60 489/108/60 82/91/60
f 85/109/61 491/110/61 1334/111/61 490/112/61
f 491/110/62 31/113/62 492/114/62 1334/111/62
f 1334/111/63 492/114/63 29/98/63 485/95/63
f 490/112/64 1334/111/64 485/95/64 83/94/64
f 30/105/65 493/115/65 1335/116/65 488/106/65
f 493/115/66 32/117/66 494/118/66 1335/116/66
f 1335/116/67 494/118/67 86/119/67 495/120/67
f 488/106/68 1335/116/68 495/120/68 84/107/68
f 87/121/69 497/122/69 1336/123/69 496/124/69
f 497/122/70 33/125/70 498/126/70 1336/123/70
f 1336/123/71 498/126/71 31/113/71 491/110/71
f 496/124/72 1336/123/72 491/110/72 85/109/72
f 32/117/73 499/127/73 1337/128/73 494/118/73
f 499/127/74 34/129/74 500/130/74 1337/128/74
f 1337/128/75 500/130/75 88/131/75 501/132/75
f 494/118/76 1337/128/76 501/132/76 86/119/76
f 89/133/77 503/134/77 1338/135/77 502/136/77
f 503/134/78 35/137/78 504/138/78 1338/135/78
f 1338/135/79 504/138/79 33/125/79 497/122/79
f 502/136/80 1338/135/80 497/122/80 87/121/80
f 34/129/81 505/139/81 1339/140/81 500/130/81
f 505/139/82 36/141/82 506/142/82 1339/140/82
f 1339/140/83 506/142/83 90/143/83 507/144/83
f 500/130/84 1339/140/84 507/144/84 88/131/84
f 91/145/85 509/146/85 1340/147/85 508/148/85
f 509/146/86 37/149/86 510/150/86 1340/147/86
f 1340/147/87 510/150/87 35/137/87 503/134/87
f 508/148/88 1340/147/88 503/134/88 89/133/88
f 36/141/89 511/151/89 1341/152/89 506/142/89
f 511/151/90 38/153/90 512/154/90 1341/152/90
f 1341/152/91 512/154/91 92/155/91 513/156/91
f 506/142/92 1341/152/92 513/156/92 90/143/92
f 93/157/93 515/158/93 1342/159/93 514/160/93
f 515/158/94 39/161/94 516/162/94 1342/159/94
f 1342/159/95 516/162/95 37/149/95 509/146/95
f 514/160/96 1342/159/96 509/146/96 91/145/96
f 38/153/97 517/163/97 1343/164/97 512/154/97
f 517/163/98 40/165/98 518/166/98 1343/164/98
f 1343/164/99 518/166/99 94/167/99 519/168/99
f 512/154/100 1343/164/100 519/168/100 92/155/100
f 95/169/101 521/170/101 1344/171/101 520/172/101
f 521/170/102 41/173/102 522/174/102 1344/171/102
f 1344/171/103 522/174/103 39/161/103 515/158/103
f 520/172/104 1344/171/104 515/158/104 93/157/104
f 40/165/105 523/175/105 1345/176/105 518/166/105
f 523/175/106 42/177/106 524/178/106 1345/176/106
f 1345/176/107 524/178/107 96/179/107 525/180/107
f 518/166/108 1345/176/108 525/180/108 94/167/108
f 97/181/109 527/182/109 1346/183/109 526/184/109
f 527/182/110 43/185/110 528/186/110 1346/183/110
f 1346/183/111 528/186/111 41/173/111 521/170/111
f 526/184/112 1346/183/112 521/170/112 95/169/112
f 42/187/113 529/188/113 1347/189/113 524/190/113
f 529/188/114 1/191/114 530/192/114 1347/189/114
f 1347/189/115 530/192/115 2/193/115 531/194/115
f 524/190/116 1347/189/116 531/194/116 96/179/116
f 2/193/117 530/195/117 1348/196/117 532/197/117
f 530/195/118 1/198/118 533/199/118 1348/196/118
f 1348/196/119 533/199/119 43/200/119 527/201/119
f 532/197/120 1348/196/120 527/201/120 97/202/120
f 44/203/121 535/204/121 1349/205/121 534/206/121
f 535/204/122 62/207/122 536/208/122 1349/205/122
f 1349/205/123 536/208/123 94/209/123 525/210/123
f 534/206/124 1349/205/124 525/210/124 96/211/124
f 95/212/125 537/213/125 1350/214/125 526/215/125
f 537/213/126 63/216/126 538/217/126 1350/214/126
f 1350/214/127 538/217/127 45/218/127 539/219/127
f 526/215/128 1350/214/128 539/219/128 97/220/128
f 62/207/129 540/221/129 1351/222/129 536/208/129
f 540/221/130 113/223/130 541/224/130 1351/222/130
f 1351/222/131 541/224/131 92/225/131 519/226/131
f 536/208/132 1351/222/132 519/226/132 94/209/132
f 93/227/133 542/228/133 1352/229/133 520/230/133
f 542/228/134 114/231/134 543/232/134 1352/229/134
f 1352/229/135 543/232/135 63/216/135 537/213/135
f 520/230/136 1352/229/136 537/213/136 95/212/136
f 60/233/137 545/234/137 1353/235/137 544/236/137
f 545/234/138 90/143/138 513/156/138 1353/235/138
f 1353/235/139 513/156/139 92/155/139 541/237/139
f 544/236/140 1353/235/140 541/237/140 113/238/140
f 93/227/141 514/239/141 1354/240/141 542/241/141
f 514/239/142 91/145/142 546/242/142 1354/240/142
f 1354/240/143 546/242/143 61/243/143 547/244/143
f 542/241/144 1354/240/144 547/244/144 114/245/144
f 58/246/145 549/247/145 1355/248/145 548/249/145
f 549/247/146 88/250/146 507/144/146 1355/248/146
f 1355/248/147 507/144/147 90/143/147 545/234/147
f 548/249/148 1355/248/148 545/234/148 60/233/148
f 91/145/149 508/251/149 1356/252/149 546/242/149
f 508/251/150 89/253/150 550/254/150 1356/252/150
f 1356/252/151 550/254/151 59/255/151 551/256/151
f 546/242/152 1356/252/152 551/256/152 61/243/152
f 56/257/153 553/258/153 1357/259/153 552/260/153
f 553/258/154 86/261/154 501/132/154 1357/259/154
f 1357/259/155 501/132/155 88/250/155 549/247/155
f 552/260/156 1357/259/156 549/247/156 58/246/156
f 89/253/157 502/262/157 1358/263/157 550/254/157
f 502/262/158 87/264/158 554/265/158 1358/263/158
f 1358/263/159 554/265/159 57/266/159 555/267/159
f 550/254/160 1358/263/160 555/267/160 59/255/160
f 54/268/161 557/269/161 1359/270/161 556/271/161
f 557/269/162 84/272/162 495/273/162 1359/270/162
f 1359/270/163 495/273/163 86/261/163 553/258/163
f 556/271/164 1359/270/164 553/258/164 56/257/164
f 87/264/165 496/274/165 1360/275/165 554/265/165
f 496/274/166 85/276/166 558/277/166 1360/275/166
f 1360/275/167 558/277/167 55/278/167 559/279/167
f 554/265/168 1360/275/168 559/279/168 57/266/168
f 52/280/169 561/281/169 1361/282/169 560/283/169
f 561/281/170 82/284/170 489/285/170 1361/282/170
f 1361/282/171 489/285/171 84/272/171 557/269/171
f 560/283/172 1361/282/172 557/269/172 54/268/172
f 85/276/173 490/286/173 1362/287/173 558/277/173
f 490/286/174 83/94/174 562/288/174 1362/287/174
f 1362/287/175 562/288/175 53/289/175 563/290/175
f 558/277/176 1362/287/176 563/290/176 55/278/176
f 50/291/177 565/292/177 1363/293/177 564/294/177
f 565/292/178 80/295/178 483/296/178 1363/293/178
f 1363/293/179 483/296/179 82/284/179 561/281/179
f 564/294/180 1363/293/180 561/281/180 52/280/180
f 83/94/181 484/297/181 1364/298/181 562/288/181
f 484/297/182 81/102/182 566/299/182 1364/298/182
f 1364/298/183 566/299/183 51/300/183 567/301/183
f 562/288/184 1364/298/184 567/301/184 53/289/184
f 48/302/185 569/303/185 1365/304/185 568/305/185
f 569/303/186 98/75/186 476/306/186 1365/304/186
f 1365/304/187 476/306/187 80/295/187 565/307/187
f 568/305/188 1365/304/188 565/307/188 50/291/188
f 81/308/189 477/309/189 1366/310/189 566/311/189
f 477/309/190 99/84/190 570/312/190 1366/310/190
f 1366/310/191 570/312/191 49/313/191 571/314/191
f 566/311/192 1366/310/192 571/314/192 51/315/192
f 48/302/193 572/316/193 1367/317/193 569/318/193
f 572/316/194 115/319/194 573/320/194 1367/317/194
f 1367/317/195 573/320/195 111/321/195 574/322/195
f 569/318/196 1367/317/196 574/322/196 98/75/196
f 111/321/197 576/323/197 1368/324/197 575/325/197
f 576/323/198 116/326/198 577/327/198 1368/324/198
f 1368/324/199 577/327/199 49/328/199 570/329/199
f 575/325/200 1368/324/200 570/329/200 99/84/200
f 44/203/201 534/330/201 1369/331/201 578/332/201
f 534/330/202 96/179/202 531/333/202 1369/331/202
f 1369/331/203 531/333/203 2/193/203 579/334/203
f 578/332/204 1369/331/204 579/334/204 46/335/204
f 2/193/205 532/336/205 1370/337/205 580/338/205
f 532/336/206 97/339/206 539/340/206 1370/337/206
f 1370/337/207 539/340/207 45/341/207 581/342/207
f 580/338/208 1370/337/208 581/342/208 47/343/208
f 46/335/209 579/334/209 1371/344/209 582/345/209
f 579/334/210 2/193/210 583/346/210 1371/344/210
f 1371/344/211 583/346/211 112/347/211 584/348/211
f 582/345/212 1371/344/212 584/348/212 117/349/212
f 112/350/213 583/351/213 1372/352/213 585/353/213
f 583/351/214 2/193/214 580/338/214 1372/352/214
f 1372/352/215 580/338/215 47/343/215 586/354/215
f 585/353/216 1372/352/216 586/354/216 118/355/216
f 111/321/217 573/356/217 1373/357/217 587/358/217
f 573/356/218 115/319/218 588/359/218 1373/357/218
f 1373/357/219 588/359/219 117/360/219 584/348/219
f 587/358/220 1373/357/220 584/348/220 112/361/220
f 118/362/221 589/363/221 1374/364/221 585/365/221
f 589/363/222 116/366/222 576/367/222 1374/364/222
f 1374/364/223 576/367/223 111/321/223 587/368/223
f 585/365/224 1374/364/224 587/368/224 112/369/224
f 69/370/225 591/371/225 1375/372/225 590/373/225
f 591/371/226 71/374/226 592/375/226 1375/372/226
f 1375/372/227 592/375/227 110/10/227 444/376/227
f 590/373/228 1375/372/228 444/376/228 108/377/228
f 110/7/229 592/378/229 1376/379/229 446/380/229
f 592/378/230 71/374/230 593/381/230 1376/379/230
f 1376/379/231 593/381/231 70/382/231 594/383/231
f 446/380/232 1376/379/232 594/383/232 109/384/232
f 67/385/233 596/386/233 1377/387/233 595/388/233
f 596/386/234 69/370/234 590/373/234 1377/387/234
f 1377/387/235 590/373/235 108/377/235 451/389/235
f 595/388/236 1377/387/236 451/389/236 106/390/236
f 109/384/237 594/383/237 1378/391/237 452/392/237
f 594/383/238 70/382/238 597/393/238 1378/391/238
f 1378/391/239 597/393/239 68/394/239 598/395/239
f 452/392/240 1378/391/240 598/395/240 107/396/240
f 65/397/241 600/398/241 1379/399/241 599/400/241
f 600/398/242 67/401/242 595/402/242 1379/399/242
f 1379/399/243 595/402/243 106/390/243 457/403/243
f 599/400/244 1379/399/244 457/403/244 104/404/244
f 107/27/245 598/405/245 1380/406/245 458/407/245
f 598/405/246 68/408/246 601/409/246 1380/406/246
f 1380/406/247 601/409/247 66/410/247 602/411/247
f 458/407/248 1380/406/248 602/411/248 105/412/248
f 100/59/249 603/413/249 1381/414/249 469/60/249
f 603/413/250 121/415/250 604/416/250 1381/414/250
f 1381/414/251 604/416/251 119/417/251 605/418/251
f 469/60/252 1381/414/252 605/418/252 102/47/252
f 120/419/253 607/420/253 1382/421/253 606/422/253
f 607/420/254 122/423/254 608/424/254 1382/421/254
f 1382/421/255 608/424/255 101/63/255 470/61/255
f 606/422/256 1382/421/256 470/61/256 103/51/256
f 65/397/257 599/425/257 1383/426/257 609/427/257
f 599/425/258 104/428/258 463/429/258 1383/426/258
f 1383/426/259 463/429/259 102/430/259 605/418/259
f 609/427/260 1383/426/260 605/418/260 119/431/260
f 103/432/261 464/433/261 1384/434/261 606/435/261
f 464/433/262 105/39/262 602/436/262 1384/434/262
f 1384/434/263 602/436/263 66/410/263 610/437/263
f 606/435/264 1384/434/264 610/437/264 120/438/264
f 78/439/265 612/440/265 1385/441/265 611/442/265
f 612/440/266 124/443/266 613/444/266 1385/441/266
f 1385/441/267 613/444/267 123/445/267 614/446/267
f 611/442/268 1385/441/268 614/446/268 121/415/268
f 123/445/269 613/447/269 1386/448/269 615/449/269
f 613/447/270 124/450/270 616/451/270 1386/448/270
f 1386/448/271 616/451/271 79/452/271 617/453/271
f 615/449/272 1386/448/272 617/453/272 122/454/272
f 119/417/273 604/455/273 1387/456/273 618/457/273
f 604/455/274 121/415/274 614/458/274 1387/456/274
f 1387/456/275 614/458/275 123/459/275 619/460/275
f 618/457/276 1387/456/276 619/460/276 3/461/276
f 123/462/277 615/463/277 1388/464/277 619/465/277
f 615/463/278 122/454/278 607/466/278 1388/464/278
f 1388/464/279 607/466/279 120/467/279 620/468/279
f 619/465/280 1388/464/280 620/468/280 3/469/280
f 64/470/281 622/471/281 1389/472/281 621/473/281
f 622/471/282 65/397/282 609/427/282 1389/472/282
f 1389/472/283 609/427/283 119/431/283 618/474/283
f 621/473/284 1389/472/284 618/474/284 3/475/284
f 120/438/285 610/437/285 1390/476/285 620/477/285
f 610/437/286 66/410/286 623/478/286 1390/476/286
f 1390/476/287 623/478/287 64/470/287 621/473/287
f 620/477/288 1390/476/288 621/473/288 3/479/288
f 76/480/289 625/481/289 1391/482/289 624/483/289
f 625/481/290 127/484/290 626/485/290 1391/482/290
f 1391/482/291 626/485/291 125/486/291 627/487/291
f 624/483/292 1391/482/292 627/487/292 78/439/292
f 126/488/293 629/489/293 1392/490/293 628/491/293
f 629/489/294 128/492/294 630/493/294 1392/490/294
f 1392/490/295 630/493/295 77/494/295 631/495/295
f 628/491/296 1392/490/296 631/495/296 79/452/296
f 74/496/297 633/497/297 1393/498/297 632/499/297
f 633/497/298 129/500/298 634/501/298 1393/498/298
f 1393/498/299 634/501/299 127/502/299 625/503/299
f 632/499/300 1393/498/300 625/503/300 76/504/300
f 128/505/301 635/506/301 1394/507/301 630/493/301
f 635/506/302 130/508/302 636/509/302 1394/507/302
f 1394/507/303 636/509/303 75/510/303 637/511/303
f 630/493/304 1394/507/304 637/511/304 77/512/304
f 73/513/305 639/514/305 1395/515/305 638/516/305
f 639/514/306 131/517/306 640/518/306 1395/515/306
f 1395/515/307 640/518/307 129/519/307 633/520/307
f 638/516/308 1395/515/308 633/520/308 74/496/308
f 130/521/309 641/522/309 1396/523/309 636/524/309
f 641/522/310 132/525/310 642/526/310 1396/523/310
f 1396/523/311 642/526/311 73/513/311 643/527/311
f 636/524/312 1396/523/312 643/527/312 75/528/312
f 72/529/313 645/530/313 1397/531/313 644/532/313
f 645/530/314 5/533/314 646/534/314 1397/531/314
f 1397/531/315 646/534/315 131/517/315 639/514/315
f 644/532/316 1397/531/316 639/514/316 73/513/316
f 132/525/317 647/535/317 1398/536/317 642/526/317
f 647/535/318 5/537/318 645/538/318 1398/536/318
f 1398/536/319 645/538/319 72/529/319 644/539/319
f 642/526/320 1398/536/320 644/539/320 73/513/320
f 124/540/321 612/541/321 1399/542/321 648/543/321
f 612/541/322 78/439/322 627/544/322 1399/542/322
f 1399/542/323 627/544/323 125/486/323 649/545/323
f 648/543/324 1399/542/324 649/545/324 4/546/324
f 126/547/325 628/548/325 1400/549/325 650/550/325
f 628/548/326 79/452/326 616/551/326 1400/549/326
f 1400/549/327 616/551/327 124/443/327 648/552/327
f 650/550/328 1400/549/328 648/552/328 4/553/328
f 4/546/329 649/545/329 1401/554/329 651/555/329
f 649/545/330 125/486/330 652/556/330 1401/554/330
f 1401/554/331 652/556/331 140/557/331 653/558/331
f 651/555/332 1401/554/332 653/558/332 142/559/332
f 141/560/333 655/561/333 1402/562/333 654/563/333
f 655/561/334 126/547/334 650/550/334 1402/562/334
f 1402/562/335 650/550/335 4/553/335 651/564/335
f 654/563/336 1402/562/336 651/564/336 142/565/336
f 5/533/337 656/566/337 1403/567/337 646/534/337
f 656/566/338 133/568/338 657/569/338 1403/567/338
f 1403/567/339 657/569/339 134/570/339 658/571/339
f 646/534/340 1403/567/340 658/571/340 131/517/340
f 135/572/341 660/573/341 1404/574/341 659/575/341
f 660/573/342 133/568/342 656/576/342 1404/574/342
f 1404/574/343 656/576/343 5/537/343 647/535/343
f 659/575/344 1404/574/344 647/535/344 132/525/344
f 131/517/345 658/571/345 1405/577/345 640/518/345
f 658/571/346 134/570/346 661/578/346 1405/577/346
f 1405/577/347 661/578/347 136/579/347 662/580/347
f 640/518/348 1405/577/348 662/580/348 129/519/348
f 137/581/349 664/582/349 1406/583/349 663/584/349
f 664/582/350 135/572/350 659/575/350 1406/583/350
f 1406/583/351 659/575/351 132/525/351 641/522/351
f 663/584/352 1406/583/352 641/522/352 130/521/352
f 129/519/353 662/580/353 1407/585/353 634/586/353
f 662/580/354 136/579/354 665/587/354 1407/585/354
f 1407/585/355 665/587/355 138/588/355 666/589/355
f 634/586/356 1407/585/356 666/589/356 127/484/356
f 139/590/357 668/591/357 1408/592/357 667/593/357
f 668/591/358 137/581/358 663/584/358 1408/592/358
f 1408/592/359 663/584/359 130/521/359 635/506/359
f 667/593/360 1408/592/360 635/506/360 128/492/360
f 127/484/361 666/589/361 1409/594/361 626/485/361
f 666/589/362 138/588/362 669/595/362 1409/594/362
f 1409/594/363 669/595/363 140/557/363 652/596/363
f 626/485/364 1409/594/364 652/596/364 125/486/364
f 141/560/365 670/597/365 1410/598/365 655/599/365
f 670/597/366 139/590/366 667/593/366 1410/598/366
f 1410/598/367 667/593/367 128/492/367 629/489/367
f 655/599/368 1410/598/368 629/489/368 126/488/368
f 133/568/369 671/600/369 1411/601/369 657/569/369
f 671/600/370 138/602/370 665/587/370 1411/601/370
f 1411/601/371 665/587/371 136/579/371 661/603/371
f 657/569/372 1411/601/372 661/603/372 134/570/372
f 137/581/373 668/604/373 1412/605/373 664/606/373
f 668/604/374 139/607/374 672/608/374 1412/605/374
f 1412/605/375 672/608/375 133/568/375 660/573/375
f 664/606/376 1412/605/376 660/573/376 135/572/376
f 133/568/377 673/609/377 1413/610/377 671/611/377
f 673/609/378 142/565/378 653/612/378 1413/610/378
f 1413/610/379 653/612/379 140/557/379 669/613/379
f 671/611/380 1413/610/380 669/613/380 138/602/380
f 141/560/381 654/563/381 1414/614/381 670/615/381
f 654/563/382 142/559/382 673/616/382 1414/614/382
f 1414/614/383 673/616/383 133/568/383 672/617/383
f 670/615/384 1414/614/384 672/617/384 139/618/384
f 73/513/385 638/619/385 1415/620/385 674/621/385
f 638/619/386 74/622/386 675/623/386 1415/620/386
f 1415/620/387 675/623/387 98/75/387 574/624/387
f 674/621/388 1415/620/388 574/624/388 111/321/388
f 99/84/389 676/625/389 1416/626/389 575/627/389
f 676/625/390 75/628/390 643/527/390 1416/626/390
f 1416/626/391 643/527/391 73/513/391 674/621/391
f 575/627/392 1416/626/392 674/621/392 111/321/392
f 74/622/393 632/629/393 1417/630/393 675/623/393
f 632/629/394 76/631/394 677/632/394 1417/630/394
f 1417/630/395 677/632/395 145/633/395 678/634/395
f 675/623/396 1417/630/396 678/634/396 98/75/396
f 146/635/397 680/636/397 1418/637/397 679/638/397
f 680/636/398 77/494/398 637/639/398 1418/637/398
f 1418/637/399 637/639/399 75/628/399 676/625/399
f 679/638/400 1418/637/400 676/625/400 99/84/400
f 76/631/401 624/640/401 1419/641/401 677/632/401
f 624/640/402 78/439/402 681/642/402 1419/641/402
f 1419/641/403 681/642/403 147/643/403 682/644/403
f 677/632/404 1419/641/404 682/644/404 145/633/404
f 148/645/405 684/646/405 1420/647/405 683/648/405
f 684/646/406 79/452/406 631/649/406 1420/647/406
f 1420/647/407 631/649/407 77/494/407 680/636/407
f 683/648/408 1420/647/408 680/636/408 146/635/408
f 78/439/409 611/442/409 1421/650/409 681/642/409
f 611/442/410 121/651/410 603/652/410 1421/650/410
f 1421/650/411 603/652/411 100/59/411 685/653/411
f 681/642/412 1421/650/412 685/653/412 147/643/412
f 101/63/413 608/654/413 1422/655/413 686/656/413
f 608/654/414 122/454/414 617/657/414 1422/655/414
f 1422/655/415 617/657/415 79/452/415 684/646/415
f 686/656/416 1422/655/416 684/646/416 148/645/416
f 15/658/417 687/659/417 1423/660/417 468/661/417
f 687/659/418 143/662/418 688/663/418 1423/660/418
f 1423/660/419 688/663/419 147/664/419 685/665/419
f 468/661/420 1423/660/420 685/665/420 100/666/420
f 148/667/421 689/668/421 1424/669/421 686/670/421
f 689/668/422 144/671/422 690/672/422 1424/669/422
f 1424/669/423 690/672/423 16/673/423 471/674/423
f 686/670/424 1424/669/424 471/674/424 101/63/424
f 143/662/425 691/675/425 1425/676/425 688/663/425
f 691/675/426 149/677/426 692/678/426 1425/676/426
f 1425/676/427 692/678/427 145/679/427 682/680/427
f 688/663/428 1425/676/428 682/680/428 147/664/428
f 146/681/429 693/682/429 1426/683/429 683/684/429
f 693/682/430 150/685/430 694/686/430 1426/683/430
f 1426/683/431 694/686/431 144/671/431 689/668/431
f 683/684/432 1426/683/432 689/668/432 148/667/432
f 13/687/433 473/688/433 1427/689/433 695/690/433
f 473/688/434 98/75/434 678/691/434 1427/689/434
f 1427/689/435 678/691/435 145/692/435 692/693/435
f 695/690/436 1427/689/436 692/693/436 149/694/436
f 146/635/437 679/695/437 1428/696/437 693/697/437
f 679/695/438 99/84/438 480/698/438 1428/696/438
f 1428/696/439 480/698/439 14/699/439 696/700/439
f 693/697/440 1428/696/440 696/700/440 150/701/440
f 65/397/441 622/702/441 1429/703/441 697/704/441
f 622/702/442 64/705/442 698/706/442 1429/703/442
f 1429/703/443 698/706/443 6/707/443 699/708/443
f 697/704/444 1429/703/444 699/708/444 156/709/444
f 6/710/445 698/711/445 1430/712/445 700/713/445
f 698/711/446 64/714/446 623/715/446 1430/712/446
f 1430/712/447 623/715/447 66/410/447 701/716/447
f 700/713/448 1430/712/448 701/716/448 157/717/448
f 67/385/449 600/718/449 1431/719/449 702/720/449
f 600/718/450 65/397/450 697/704/450 1431/719/450
f 1431/719/451 697/704/451 156/709/451 703/721/451
f 702/720/452 1431/719/452 703/721/452 154/722/452
f 157/717/453 701/716/453 1432/723/453 704/724/453
f 701/716/454 66/410/454 601/725/454 1432/723/454
f 1432/723/455 601/725/455 68/394/455 705/726/455
f 704/724/456 1432/723/456 705/726/456 155/727/456
f 69/370/457 596/728/457 1433/729/457 706/730/457
f 596/728/458 67/385/458 702/731/458 1433/729/458
f 1433/729/459 702/731/459 154/732/459 707/733/459
f 706/730/460 1433/729/460 707/733/460 152/734/460
f 155/735/461 705/736/461 1434/737/461 708/738/461
f 705/736/462 68/739/462 597/740/462 1434/737/462
f 1434/737/463 597/740/463 70/741/463 709/742/463
f 708/738/464 1434/737/464 709/742/464 153/743/464
f 71/374/465 591/744/465 1435/745/465 710/746/465
f 591/744/466 69/370/466 706/730/466 1435/745/466
f 1435/745/467 706/730/467 152/734/467 711/747/467
f 710/746/468 1435/745/468 711/747/468 151/748/468
f 153/743/469 709/742/469 1436/749/469 712/750/469
f 709/742/470 70/741/470 593/751/470 1436/749/470
f 1436/749/471 593/751/471 71/752/471 710/753/471
f 712/750/472 1436/749/472 710/753/472 151/748/472
f 151/754/473 711/755/473 1437/756/473 713/757/473
f 711/755/474 152/734/474 714/758/474 1437/756/474
f 1437/756/475 714/758/475 163/759/475 715/760/475
f 713/757/476 1437/756/476 715/760/476 165/761/476
f 164/762/477 717/763/477 1438/764/477 716/765/477
f 717/763/478 153/766/478 712/767/478 1438/764/478
f 1438/764/479 712/767/479 151/754/479 713/768/479
f 716/765/480 1438/764/480 713/768/480 165/761/480
f 152/734/481 707/733/481 1439/769/481 714/758/481
f 707/733/482 154/722/482 718/770/482 1439/769/482
f 1439/769/483 718/770/483 161/771/483 719/772/483
f 714/758/484 1439/769/484 719/772/484 163/759/484
f 162/773/485 721/774/485 1440/775/485 720/776/485
f 721/774/486 155/727/486 708/777/486 1440/775/486
f 1440/775/487 708/777/487 153/766/487 717/763/487
f 720/776/488 1440/775/488 717/763/488 164/762/488
f 154/722/489 703/721/489 1441/778/489 718/770/489
f 703/721/490 156/709/490 722/779/490 1441/778/490
f 1441/778/491 722/779/491 159/780/491 723/781/491
f 718/770/492 1441/778/492 723/781/492 161/771/492
f 160/782/493 725/783/493 1442/784/493 724/785/493
f 725/783/494 157/717/494 704/724/494 1442/784/494
f 1442/784/495 704/724/495 155/727/495 721/774/495
f 724/785/496 1442/784/496 721/774/496 162/773/496
f 156/709/497 699/708/497 1443/786/497 722/779/497
f 699/708/498 6/707/498 726/787/498 1443/786/498
f 1443/786/499 726/787/499 158/788/499 727/789/499
f 722/779/500 1443/786/500 727/789/500 159/780/500
f 158/788/501 726/787/501 1444/790/501 728/791/501
f 726/787/502 6/710/502 700/713/502 1444/790/502
f 1444/790/503 700/713/503 157/717/503 725/783/503
f 728/791/504 1444/790/504 725/783/504 160/782/504
f 158/792/505 729/793/505 1445/794/505 727/795/505
f 729/793/506 165/761/506 715/796/506 1445/794/506
f 1445/794/507 715/796/507 163/797/507 730/798/507
f 727/795/508 1445/794/508 730/798/508 159/799/508
f 164/762/509 716/765/509 1446/800/509 731/801/509
f 716/765/510 165/761/510 729/793/510 1446/800/510
f 1446/800/511 729/793/511 158/802/511 728/803/511
f 731/801/512 1446/800/512 728/803/512 160/804/512
f 159/799/513 730/805/513 1447/806/513 723/781/513
f 163/797/514 719/772/514 1447/806/514 730/807/514
f 161/771/515 723/808/515 1447/806/515 719/772/515
f 162/773/516 720/809/516 1448/810/516 724/811/516
f 164/812/517 731/813/517 1448/810/517 720/809/517
f 160/814/518 724/811/518 1448/810/518 731/815/518
f 117/360/519 588/816/519 1449/817/519 732/818/519
f 588/816/520 115/819/520 733/820/520 1449/817/520
f 1449/817/521 733/820/521 168/821/521 734/822/521
f 732/818/522 1449/817/522 734/822/522 166/823/522
f 169/824/523 736/825/523 1450/826/523 735/827/523
f 736/825/524 116/828/524 589/829/524 1450/826/524
f 1450/826/525 589/829/525 118/362/525 737/830/525
f 735/827/526 1450/826/526 737/830/526 167/831/526
f 46/832/527 582/833/527 1451/834/527 738/835/527
f 582/833/528 117/360/528 732/818/528 1451/834/528
f 1451/834/529 732/818/529 166/823/529 739/836/529
f 738/835/530 1451/834/530 739/836/530 188/837/530
f 167/831/531 737/830/531 1452/838/531 740/839/531
f 737/830/532 118/362/532 586/840/532 1452/838/532
f 1452/838/533 586/840/533 47/841/533 741/842/533
f 740/839/534 1452/838/534 741/842/534 189/843/534
f 44/844/535 578/845/535 1453/846/535 742/847/535
f 578/845/536 46/832/536 738/835/536 1453/846/536
f 1453/846/537 738/835/537 188/837/537 743/848/537
f 742/847/538 1453/846/538 743/848/538 190/849/538
f 189/843/539 741/842/539 1454/850/539 744/851/539
f 741/842/540 47/841/540 581/852/540 1454/850/540
f 1454/850/541 581/852/541 45/853/541 745/854/541
f 744/851/542 1454/850/542 745/854/542 191/855/542
f 115/819/543 572/856/543 1455/857/543 733/820/543
f 572/856/544 48/858/544 746/859/544 1455/857/544
f 1455/857/545 746/859/545 186/860/545 747/861/545
f 733/820/546 1455/857/546 747/861/546 168/821/546
f 187/862/547 749/863/547 1456/864/547 748/865/547
f 749/863/548 49/328/548 577/866/548 1456/864/548
f 1456/864/549 577/866/549 116/828/549 736/825/549
f 748/865/550 1456/864/550 736/825/550 169/824/550
f 48/858/551 568/867/551 1457/868/551 746/859/551
f 568/867/552 50/291/552 750/869/552 1457/868/552
f 1457/868/553 750/869/553 184/870/553 751/871/553
f 746/859/554 1457/868/554 751/871/554 186/860/554
f 185/872/555 753/873/555 1458/874/555 752/875/555
f 753/873/556 51/300/556 571/876/556 1458/874/556
f 1458/874/557 571/876/557 49/328/557 749/863/557
f 752/875/558 1458/874/558 749/863/558 187/862/558
f 50/291/559 564/877/559 1459/878/559 750/869/559
f 564/877/560 52/879/560 754/880/560 1459/878/560
f 1459/878/561 754/880/561 182/881/561 755/882/561
f 750/869/562 1459/878/562 755/882/562 184/870/562
f 183/883/563 757/884/563 1460/885/563 756/886/563
f 757/884/564 53/887/564 567/888/564 1460/885/564
f 1460/885/565 567/888/565 51/300/565 753/873/565
f 756/886/566 1460/885/566 753/873/566 185/872/566
f 52/879/567 560/889/567 1461/890/567 754/880/567
f 560/889/568 54/268/568 758/891/568 1461/890/568
f 1461/890/569 758/891/569 180/892/569 759/893/569
f 754/880/570 1461/890/570 759/893/570 182/881/570
f 181/894/571 761/895/571 1462/896/571 760/897/571
f 761/895/572 55/898/572 563/899/572 1462/896/572
f 1462/896/573 563/899/573 53/887/573 757/884/573
f 760/897/574 1462/896/574 757/884/574 183/883/574
f 54/268/575 556/900/575 1463/901/575 758/891/575
f 556/900/576 56/257/576 762/902/576 1463/901/576
f 1463/901/577 762/902/577 178/903/577 763/904/577
f 758/891/578 1463/901/578 763/904/578 180/892/578
f 179/905/579 765/906/579 1464/907/579 764/908/579
f 765/906/580 57/909/580 559/910/580 1464/907/580
f 1464/907/581 559/910/581 55/898/581 761/895/581
f 764/908/582 1464/907/582 761/895/582 181/894/582
f 56/257/583 552/911/583 1465/912/583 762/902/583
f 552/911/584 58/913/584 766/914/584 1465/912/584
f 1465/912/585 766/914/585 176/915/585 767/916/585
f 762/902/586 1465/912/586 767/916/586 178/903/586
f 177/917/587 769/918/587 1466/919/587 768/920/587
f 769/918/588 59/255/588 555/267/588 1466/919/588
f 1466/919/589 555/267/589 57/909/589 765/906/589
f 768/920/590 1466/919/590 765/906/590 179/905/590
f 58/913/591 548/921/591 1467/922/591 766/914/591
f 548/921/592 60/233/592 770/923/592 1467/922/592
f 1467/922/593 770/923/593 174/924/593 771/925/593
f 766/914/594 1467/922/594 771/925/594 176/915/594
f 175/926/595 773/927/595 1468/928/595 772/929/595
f 773/927/596 61/930/596 551/256/596 1468/928/596
f 1468/928/597 551/256/597 59/255/597 769/918/597
f 772/929/598 1468/928/598 769/918/598 177/917/598
f 60/233/599 544/236/599 1469/931/599 770/923/599
f 544/236/600 113/223/600 774/932/600 1469/931/600
f 1469/931/601 774/932/601 170/933/601 775/934/601
f 770/923/602 1469/931/602 775/934/602 174/924/602
f 171/935/603 777/936/603 1470/937/603 776/938/603
f 777/936/604 114/939/604 547/940/604 1470/937/604
f 1470/937/605 547/940/605 61/930/605 773/927/605
f 776/938/606 1470/937/606 773/927/606 175/926/606
f 113/223/607 540/221/607 1471/941/607 774/932/607
f 540/221/608 62/942/608 778/943/608 1471/941/608
f 1471/941/609 778/943/609 172/944/609 779/945/609
f 774/932/610 1471/941/610 779/945/610 170/933/610
f 173/946/611 781/947/611 1472/948/611 780/949/611
f 781/947/612 63/950/612 543/951/612 1472/948/612
f 1472/948/613 543/951/613 114/939/613 777/936/613
f 780/949/614 1472/948/614 777/936/614 171/935/614
f 62/942/615 535/952/615 1473/953/615 778/943/615
f 535/952/616 44/844/616 742/847/616 1473/953/616
f 1473/953/617 742/847/617 190/849/617 782/954/617
f 778/943/618 1473/953/618 782/954/618 172/944/618
f 191/855/619 745/854/619 1474/955/619 783/956/619
f 745/854/620 45/853/620 538/957/620 1474/955/620
f 1474/955/621 538/957/621 63/950/621 781/947/621
f 783/956/622 1474/955/622 781/947/622 173/946/622
f 172/958/623 782/959/623 1475/960/623 784/961/623
f 782/959/624 190/962/624 785/963/624 1475/960/624
f 1475/960/625 785/963/625 192/964/625 786/965/625
f 784/961/626 1475/960/626 786/965/626 210/966/626
f 193/967/627 788/968/627 1476/969/627 787/970/627
f 788/968/628 191/971/628 783/972/628 1476/969/628
f 1476/969/629 783/972/629 173/973/629 789/974/629
f 787/970/630 1476/969/630 789/974/630 211/975/630
f 170/976/631 779/945/631 1477/977/631 790/978/631
f 779/945/632 172/958/632 784/961/632 1477/977/632
f 1477/977/633 784/961/633 210/966/633 791/979/633
f 790/978/634 1477/977/634 791/979/634 212/980/634
f 211/975/635 789/974/635 1478/981/635 792/982/635
f 789/974/636 173/973/636 780/983/636 1478/981/636
f 1478/981/637 780/983/637 171/984/637 793/985/637
f 792/982/638 1478/981/638 793/985/638 213/986/638
f 174/987/639 775/988/639 1479/989/639 794/990/639
f 775/988/640 170/976/640 790/978/640 1479/989/640
f 1479/989/641 790/978/641 212/980/641 795/991/641
f 794/990/642 1479/989/642 795/991/642 208/992/642
f 213/986/643 793/985/643 1480/993/643 796/994/643
f 793/985/644 171/984/644 776/995/644 1480/993/644
f 1480/993/645 776/995/645 175/996/645 797/997/645
f 796/994/646 1480/993/646 797/997/646 209/998/646
f 176/915/647 771/999/647 1481/1000/647 798/1001/647
f 771/999/648 174/987/648 794/990/648 1481/1000/648
f 1481/1000/649 794/990/649 208/992/649 799/1002/649
f 798/1001/650 1481/1000/650 799/1002/650 206/1003/650
f 209/998/651 797/997/651 1482/1004/651 800/1005/651
f 797/997/652 175/996/652 772/1006/652 1482/1004/652
f 1482/1004/653 772/1006/653 177/917/653 801/1007/653
f 800/1005/654 1482/1004/654 801/1007/654 207/1008/654
f 178/1009/655 767/1010/655 1483/1011/655 802/1012/655
f 767/1010/656 176/915/656 798/1001/656 1483/1011/656
f 1483/1011/657 798/1001/657 206/1003/657 803/1013/657
f 802/1012/658 1483/1011/658 803/1013/658 204/1014/658
f 207/1008/659 801/1007/659 1484/1015/659 804/1016/659
f 801/1007/660 177/917/660 768/920/660 1484/1015/660
f 1484/1015/661 768/920/661 179/1017/661 805/1018/661
f 804/1016/662 1484/1015/662 805/1018/662 205/1019/662
f 180/1020/663 763/904/663 1485/1021/663 806/1022/663
f 763/904/664 178/1009/664 802/1012/664 1485/1021/664
f 1485/1021/665 802/1012/665 204/1014/665 807/1023/665
f 806/1022/666 1485/1021/666 807/1023/666 202/1024/666
f 205/1019/667 805/1018/667 1486/1025/667 808/1026/667
f 805/1018/668 179/1017/668 764/908/668 1486/1025/668
f 1486/1025/669 764/908/669 181/1027/669 809/1028/669
f 808/1026/670 1486/1025/670 809/1028/670 203/1029/670
f 182/1030/671 759/1031/671 1487/1032/671 810/1033/671
f 759/1031/672 180/1020/672 806/1022/672 1487/1032/672
f 1487/1032/673 806/1022/673 202/1024/673 811/1034/673
f 810/1033/674 1487/1032/674 811/1034/674 200/1035/674
f 203/1029/675 809/1028/675 1488/1036/675 812/1037/675
f 809/1028/676 181/1027/676 760/1038/676 1488/1036/676
f 1488/1036/677 760/1038/677 183/1039/677 813/1040/677
f 812/1037/678 1488/1036/678 813/1040/678 201/1041/678
f 184/1042/679 755/882/679 1489/1043/679 814/1044/679
f 755/882/680 182/1030/680 810/1033/680 1489/1043/680
f 1489/1043/681 810/1033/681 200/1035/681 815/1045/681
f 814/1044/682 1489/1043/682 815/1045/682 198/1046/682
f 201/1041/683 813/1040/683 1490/1047/683 816/1048/683
f 813/1040/684 183/1039/684 756/886/684 1490/1047/684
f 1490/1047/685 756/886/685 185/1049/685 817/1050/685
f 816/1048/686 1490/1047/686 817/1050/686 199/1051/686
f 186/860/687 751/871/687 1491/1052/687 818/1053/687
f 751/871/688 184/1042/688 814/1044/688 1491/1052/688
f 1491/1052/689 814/1044/689 198/1046/689 819/1054/689
f 818/1053/690 1491/1052/690 819/1054/690 196/1055/690
f 199/1051/691 817/1050/691 1492/1056/691 820/1057/691
f 817/1050/692 185/1049/692 752/1058/692 1492/1056/692
f 1492/1056/693 752/1058/693 187/1059/693 821/1060/693
f 820/1057/694 1492/1056/694 821/1060/694 197/1061/694
f 168/1062/695 747/1063/695 1493/1064/695 822/1065/695
f 747/1063/696 186/860/696 818/1053/696 1493/1064/696
f 1493/1064/697 818/1053/697 196/1055/697 823/1066/697
f 822/1065/698 1493/1064/698 823/1066/698 214/1067/698
f 197/1061/699 821/1060/699 1494/1068/699 824/1069/699
f 821/1060/700 187/1059/700 748/1070/700 1494/1068/700
f 1494/1068/701 748/1070/701 169/1071/701 825/1072/701
f 824/1069/702 1494/1068/702 825/1072/702 215/1073/702
f 190/962/703 743/848/703 1495/1074/703 785/963/703
f 743/848/704 188/1075/704 826/1076/704 1495/1074/704
f 1495/1074/705 826/1076/705 194/1077/705 827/1078/705
f 785/963/706 1495/1074/706 827/1078/706 192/964/706
f 195/1079/707 829/1080/707 1496/1081/707 828/1082/707
f 829/1080/708 189/843/708 744/1083/708 1496/1081/708
f 1496/1081/709 744/1083/709 191/971/709 788/968/709
f 828/1082/710 1496/1081/710 788/968/710 193/967/710
f 188/1075/711 739/1084/711 1497/1085/711 826/1076/711
f 739/1084/712 166/1086/712 830/1087/712 1497/1085/712
f 1497/1085/713 830/1087/713 216/1088/713 831/1089/713
f 826/1076/714 1497/1085/714 831/1089/714 194/1077/714
f 217/1090/715 833/1091/715 1498/1092/715 832/1093/715
f 833/1091/716 167/1094/716 740/1095/716 1498/1092/716
f 1498/1092/717 740/1095/717 189/843/717 829/1080/717
f 832/1093/718 1498/1092/718 829/1080/718 195/1079/718
f 166/1086/719 734/1096/719 1499/1097/719 830/1087/719
f 734/1096/720 168/1062/720 822/1065/720 1499/1097/720
f 1499/1097/721 822/1065/721 214/1067/721 834/1098/721
f 830/1087/722 1499/1097/722 834/1098/722 216/1088/722
f 215/1073/723 825/1072/723 1500/1099/723 835/1100/723
f 825/1072/724 169/1071/724 735/1101/724 1500/1099/724
f 1500/1099/725 735/1101/725 167/1094/725 833/1091/725
f 835/1100/726 1500/1099/726 833/1091/726 217/1090/726
f 1/1102/727 529/1103/727 1501/1104/727 836/1105/727
f 529/1103/728 42/187/728 837/1106/728 1501/1104/728
f 1501/1104/729 837/1106/729 218/1107/729 838/1108/729
f 836/1105/730 1501/1104/730 838/1108/730 7/1109/730
f 219/1110/731 840/1111/731 1502/1112/731 839/1113/731
f 840/1111/732 43/1114/732 533/1115/732 1502/1112/732
f 1502/1112/733 533/1115/733 1/1116/733 836/1117/733
f 839/1113/734 1502/1112/734 836/1117/734 7/1109/734
f 42/187/735 523/175/735 1503/1118/735 837/1106/735
f 523/175/736 40/165/736 841/1119/736 1503/1118/736
f 1503/1118/737 841/1119/737 220/1120/737 842/1121/737
f 837/1106/738 1503/1118/738 842/1121/738 218/1107/738
f 221/1122/739 844/1123/739 1504/1124/739 843/1125/739
f 844/1123/740 41/1126/740 528/1127/740 1504/1124/740
f 1504/1124/741 528/1127/741 43/1114/741 840/1111/741
f 843/1125/742 1504/1124/742 840/1111/742 219/1110/742
f 40/165/743 517/1128/743 1505/1129/743 841/1119/743
f 517/1128/744 38/1130/744 845/1131/744 1505/1129/744
f 1505/1129/745 845/1131/745 222/1132/745 846/1133/745
f 841/1119/746 1505/1129/746 846/1133/746 220/1120/746
f 223/1134/747 848/1135/747 1506/1136/747 847/1137/747
f 848/1135/748 39/1138/748 522/174/748 1506/1136/748
f 1506/1136/749 522/174/749 41/1126/749 844/1123/749
f 847/1137/750 1506/1136/750 844/1123/750 221/1122/750
f 38/1130/751 511/1139/751 1507/1140/751 845/1131/751
f 511/1139/752 36/1141/752 849/1142/752 1507/1140/752
f 1507/1140/753 849/1142/753 224/1143/753 850/1144/753
f 845/1131/754 1507/1140/754 850/1144/754 222/1132/754
f 225/1145/755 852/1146/755 1508/1147/755 851/1148/755
f 852/1146/756 37/1149/756 516/1150/756 1508/1147/756
f 1508/1147/757 516/1150/757 39/1138/757 848/1135/757
f 851/1148/758 1508/1147/758 848/1135/758 223/1134/758
f 36/1141/759 505/1151/759 1509/1152/759 849/1142/759
f 505/1151/760 34/1153/760 853/1154/760 1509/1152/760
f 1509/1152/761 853/1154/761 226/1155/761 854/1156/761
f 849/1142/762 1509/1152/762 854/1156/762 224/1143/762
f 227/1157/763 856/1158/763 1510/1159/763 855/1160/763
f 856/1158/764 35/137/764 510/1161/764 1510/1159/764
f 1510/1159/765 510/1161/765 37/1149/765 852/1146/765
f 855/1160/766 1510/1159/766 852/1146/766 225/1145/766
f 34/1153/767 499/1162/767 1511/1163/767 853/1154/767
f 499/1162/768 32/1164/768 857/1165/768 1511/1163/768
f 1511/1163/769 857/1165/769 228/1166/769 858/1167/769
f 853/1154/770 1511/1163/770 858/1167/770 226/1155/770
f 229/1168/771 860/1169/771 1512/1170/771 859/1171/771
f 860/1169/772 33/1172/772 504/1173/772 1512/1170/772
f 1512/1170/773 504/1173/773 35/137/773 856/1158/773
f 859/1171/774 1512/1170/774 856/1158/774 227/1157/774
f 32/1164/775 493/1174/775 1513/1175/775 857/1165/775
f 493/1174/776 30/1176/776 861/1177/776 1513/1175/776
f 1513/1175/777 861/1177/777 230/1178/777 862/1179/777
f 857/1165/778 1513/1175/778 862/1179/778 228/1166/778
f 231/1180/779 864/1181/779 1514/1182/779 863/1183/779
f 864/1181/780 31/1184/780 498/126/780 1514/1182/780
f 1514/1182/781 498/126/781 33/1172/781 860/1169/781
f 863/1183/782 1514/1182/782 860/1169/782 229/1168/782
f 30/1185/783 487/1186/783 1515/1187/783 861/1188/783
f 487/1186/784 28/1189/784 865/1190/784 1515/1187/784
f 1515/1187/785 865/1190/785 232/1191/785 866/1192/785
f 861/1188/786 1515/1187/786 866/1192/786 230/1193/786
f 233/1194/787 868/1195/787 1516/1196/787 867/1197/787
f 868/1195/788 29/98/788 492/114/788 1516/1196/788
f 1516/1196/789 492/114/789 31/1184/789 864/1181/789
f 867/1197/790 1516/1196/790 864/1181/790 231/1198/790
f 28/1199/791 481/1200/791 1517/1201/791 865/1202/791
f 481/1200/792 26/85/792 869/1203/792 1517/1201/792
f 1517/1201/793 869/1203/793 234/1204/793 870/1205/793
f 865/1202/794 1517/1201/794 870/1205/794 232/1206/794
f 235/1207/795 872/1208/795 1518/1209/795 871/1210/795
f 872/1208/796 27/1211/796 486/99/796 1518/1209/796
f 1518/1209/797 486/99/797 29/98/797 868/1212/797
f 871/1210/798 1518/1209/798 868/1212/798 233/1213/798
f 242/1214/799 874/1215/799 1519/1216/799 873/1217/799
f 874/1215/800 243/1218/800 875/1219/800 1519/1216/800
f 1519/1216/801 875/1219/801 262/1220/801 876/1221/801
f 873/1217/802 1519/1216/802 876/1221/802 272/1222/802
f 263/1223/803 878/1224/803 1520/1225/803 877/1226/803
f 878/1224/804 243/1227/804 874/1228/804 1520/1225/804
f 1520/1225/805 874/1228/805 242/1229/805 879/1230/805
f 877/1226/806 1520/1225/806 879/1230/806 273/1231/806
f 241/1232/807 881/1233/807 1521/1234/807 880/1235/807
f 881/1233/808 242/1214/808 873/1217/808 1521/1234/808
f 1521/1234/809 873/1217/809 272/1222/809 882/1236/809
f 880/1235/810 1521/1234/810 882/1236/810 270/1237/810
f 273/1231/811 879/1230/811 1522/1238/811 883/1239/811
f 879/1230/812 242/1229/812 881/1240/812 1522/1238/812
f 1522/1238/813 881/1240/813 241/1241/813 884/1242/813
f 883/1239/814 1522/1238/814 884/1242/814 271/1243/814
f 240/1244/815 886/1245/815 1523/1246/815 885/1247/815
f 886/1245/816 241/1232/816 880/1235/816 1523/1246/816
f 1523/1246/817 880/1235/817 270/1237/817 887/1248/817
f 885/1247/818 1523/1246/818 887/1248/818 274/1249/818
f 271/1243/819 884/1242/819 1524/1250/819 888/1251/819
f 884/1242/820 241/1241/820 886/1252/820 1524/1250/820
f 1524/1250/821 886/1252/821 240/1244/821 889/1253/821
f 888/1251/822 1524/1250/822 889/1253/822 275/1254/822
f 23/1255/823 442/4/823 1525/1256/823 890/1257/823
f 442/4/824 25/1258/824 891/1259/824 1525/1256/824
f 1525/1256/825 891/1259/825 240/1244/825 885/1260/825
f 890/1257/826 1525/1256/826 885/1260/826 274/1261/826
f 240/1244/827 891/1262/827 1526/1263/827 889/1253/827
f 891/1262/828 25/18/828 448/1264/828 1526/1263/828
f 1526/1263/829 448/1264/829 24/1265/829 892/1266/829
f 889/1253/830 1526/1263/830 892/1266/830 275/1267/830
f 21/19/831 449/1268/831 1527/1269/831 893/1270/831
f 449/1268/832 23/1255/832 890/1257/832 1527/1269/832
f 1527/1269/833 890/1257/833 274/1261/833 894/1271/833
f 893/1270/834 1527/1269/834 894/1271/834 268/1272/834
f 275/1267/835 892/1266/835 1528/1273/835 895/1274/835
f 892/1266/836 24/1265/836 454/30/836 1528/1273/836
f 1528/1273/837 454/30/837 22/1275/837 896/1276/837
f 895/1274/838 1528/1273/838 896/1276/838 269/1277/838
f 19/31/839 455/1278/839 1529/1279/839 897/1280/839
f 455/1278/840 21/19/840 893/1270/840 1529/1279/840
f 1529/1279/841 893/1270/841 268/1272/841 898/1281/841
f 897/1280/842 1529/1279/842 898/1281/842 264/1282/842
f 269/1277/843 896/1276/843 1530/1283/843 899/1284/843
f 896/1276/844 22/1275/844 460/1285/844 1530/1283/844
f 1530/1283/845 460/1285/845 20/1286/845 900/1287/845
f 899/1284/846 1530/1283/846 900/1287/846 265/1288/846
f 17/1289/847 461/46/847 1531/1290/847 901/1291/847
f 461/46/848 19/31/848 897/1292/848 1531/1290/848
f 1531/1290/849 897/1292/849 264/1282/849 902/1293/849
f 901/1291/850 1531/1290/850 902/1293/850 266/1294/850
f 265/1295/851 900/1296/851 1532/1297/851 903/1298/851
f 900/1296/852 20/1299/852 466/1300/852 1532/1297/852
f 1532/1297/853 466/1300/853 18/1301/853 904/1302/853
f 903/1298/854 1532/1297/854 904/1302/854 267/1303/854
f 264/1282/855 905/1304/855 1533/1305/855 902/1306/855
f 905/1304/856 270/1307/856 882/1308/856 1533/1305/856
f 1533/1305/857 882/1308/857 272/1309/857 906/1310/857
f 902/1306/858 1533/1305/858 906/1310/858 266/1311/858
f 273/1312/859 883/1313/859 1534/1314/859 907/1315/859
f 883/1313/860 271/1316/860 908/1317/860 1534/1314/860
f 1534/1314/861 908/1317/861 265/1318/861 903/1319/861
f 907/1315/862 1534/1314/862 903/1319/862 267/1303/862
f 264/1282/863 898/1281/863 1535/1320/863 905/1321/863
f 898/1281/864 268/1272/864 894/1271/864 1535/1320/864
f 1535/1320/865 894/1271/865 274/1261/865 887/1322/865
f 905/1321/866 1535/1320/866 887/1322/866 270/1323/866
f 275/1324/867 895/1325/867 1536/1326/867 888/1327/867
f 895/1325/868 269/1277/868 899/1284/868 1536/1326/868
f 1536/1326/869 899/1284/869 265/1288/869 908/1328/869
f 888/1327/870 1536/1326/870 908/1328/870 271/1329/870
f 260/1330/871 910/1331/871 1537/1332/871 909/1333/871
f 910/1331/872 266/1294/872 906/1334/872 1537/1332/872
f 1537/1332/873 906/1334/873 272/1335/873 876/1221/873
f 909/1333/874 1537/1332/874 876/1221/874 262/1336/874
f 273/1312/875 907/1337/875 1538/1338/875 877/1339/875
f 907/1337/876 267/1303/876 911/1340/876 1538/1338/876
f 1538/1338/877 911/1340/877 261/1341/877 912/1342/877
f 877/1339/878 1538/1338/878 912/1342/878 263/1223/878
f 15/1343/879 467/1344/879 1539/1345/879 913/1346/879
f 467/1344/880 17/1289/880 901/1291/880 1539/1345/880
f 1539/1345/881 901/1291/881 266/1294/881 910/1331/881
f 913/1346/882 1539/1345/882 910/1331/882 260/1330/882
f 267/1303/883 904/1302/883 1540/1347/883 911/1340/883
f 904/1302/884 18/1301/884 472/1348/884 1540/1347/884
f 1540/1347/885 472/1348/885 16/65/885 914/1349/885
f 911/1340/886 1540/1347/886 914/1349/886 261/1341/886
f 143/1350/887 915/1351/887 1541/1352/887 691/675/887
f 915/1351/888 276/1353/888 916/1354/888 1541/1352/888
f 1541/1352/889 916/1354/889 278/1355/889 917/1356/889
f 691/675/890 1541/1352/890 917/1356/890 149/1357/890
f 279/1358/891 919/1359/891 1542/1360/891 918/1361/891
f 919/1359/892 277/1362/892 920/1363/892 1542/1360/892
f 1542/1360/893 920/1363/893 144/671/893 694/1364/893
f 918/1361/894 1542/1360/894 694/1364/894 150/701/894
f 15/1343/895 913/1346/895 1543/1365/895 687/1366/895
f 913/1346/896 260/1367/896 921/1368/896 1543/1365/896
f 1543/1365/897 921/1368/897 276/1353/897 915/1351/897
f 687/1366/898 1543/1365/898 915/1351/898 143/1350/898
f 277/1362/899 922/1369/899 1544/1370/899 920/1363/899
f 922/1369/900 261/1371/900 914/1372/900 1544/1370/900
f 1544/1370/901 914/1372/901 16/1373/901 690/1374/901
f 920/1363/902 1544/1370/902 690/1374/902 144/671/902
f 13/1375/903 695/1376/903 1545/1377/903 923/1378/903
f 695/1376/904 149/694/904 917/1356/904 1545/1377/904
f 1545/1377/905 917/1356/905 278/1379/905 924/1380/905
f 923/1378/906 1545/1377/906 924/1380/906 280/1381/906
f 279/1382/907 918/1383/907 1546/1384/907 925/1385/907
f 918/1383/908 150/1386/908 696/1387/908 1546/1384/908
f 1546/1384/909 696/1387/909 14/1388/909 926/1389/909
f 925/1385/910 1546/1384/910 926/1389/910 281/1390/910
f 13/1375/911 923/1391/911 1547/1392/911 474/1393/911
f 923/1391/912 280/1381/912 927/1394/912 1547/1392/912
f 1547/1392/913 927/1394/913 234/1204/913 869/1203/913
f 474/1393/914 1547/1392/914 869/1203/914 26/1395/914
f 235/1207/915 928/1396/915 1548/1397/915 872/1398/915
f 928/1396/916 281/1390/916 926/1399/916 1548/1397/916
f 1548/1397/917 926/1399/917 14/699/917 479/81/917
f 872/1398/918 1548/1397/918 479/81/918 27/1211/918
f 11/1400/919 930/1401/919 1549/1402/919 929/1403/919
f 930/1401/920 258/1404/920 931/1405/920 1549/1402/920
f 1549/1402/921 931/1405/921 286/1406/921 932/1407/921
f 929/1403/922 1549/1402/922 932/1407/922 238/1408/922
f 287/1409/923 934/1410/923 1550/1411/923 933/1412/923
f 934/1410/924 259/1413/924 935/1414/924 1550/1411/924
f 1550/1411/925 935/1414/925 11/1415/925 929/1416/925
f 933/1412/926 1550/1411/926 929/1416/926 238/1417/926
f 238/1408/927 932/1407/927 1551/1418/927 936/1419/927
f 932/1407/928 286/1406/928 937/1420/928 1551/1418/928
f 1551/1418/929 937/1420/929 284/1421/929 938/1422/929
f 936/1419/930 1551/1418/930 938/1422/930 12/1423/930
f 285/1424/931 940/1425/931 1552/1426/931 939/1427/931
f 940/1425/932 287/1409/932 933/1412/932 1552/1426/932
f 1552/1426/933 933/1412/933 238/1417/933 936/1428/933
f 939/1427/934 1552/1426/934 936/1428/934 12/1429/934
f 12/1423/935 938/1422/935 1553/1430/935 941/1431/935
f 938/1422/936 284/1421/936 942/1432/936 1553/1430/936
f 1553/1430/937 942/1432/937 282/1433/937 943/1434/937
f 941/1431/938 1553/1430/938 943/1434/938 239/1435/938
f 283/1436/939 945/1437/939 1554/1438/939 944/1439/939
f 945/1437/940 285/1424/940 939/1427/940 1554/1438/940
f 1554/1438/941 939/1427/941 12/1429/941 941/1440/941
f 944/1439/942 1554/1438/942 941/1440/942 239/1441/942
f 239/1435/943 943/1434/943 1555/1442/943 946/1443/943
f 943/1434/944 282/1433/944 947/1444/944 1555/1442/944
f 1555/1442/945 947/1444/945 262/1445/945 875/1219/945
f 946/1443/946 1555/1442/946 875/1219/946 243/1218/946
f 263/1446/947 948/1447/947 1556/1448/947 878/1449/947
f 948/1447/948 283/1436/948 944/1439/948 1556/1448/948
f 1556/1448/949 944/1439/949 239/1441/949 946/1450/949
f 878/1449/950 1556/1448/950 946/1450/950 243/1227/950
f 260/1367/951 909/1451/951 1557/1452/951 921/1368/951
f 909/1451/952 262/1453/952 947/1454/952 1557/1452/952
f 1557/1452/953 947/1454/953 282/1433/953 949/1455/953
f 921/1368/954 1557/1452/954 949/1455/954 276/1353/954
f 283/1436/955 948/1456/955 1558/1457/955 950/1458/955
f 948/1456/956 263/1223/956 912/1459/956 1558/1457/956
f 1558/1457/957 912/1459/957 261/1371/957 922/1369/957
f 950/1458/958 1558/1457/958 922/1369/958 277/1362/958
f 230/1178/959 866/1460/959 1559/1461/959 951/1462/959
f 866/1460/960 232/1206/960 952/1463/960 1559/1461/960
f 1559/1461/961 952/1463/961 252/1464/961 953/1465/961
f 951/1462/962 1559/1461/962 953/1465/962 244/1466/962
f 253/1467/963 955/1468/963 1560/1469/963 954/1470/963
f 955/1468/964 233/1213/964 867/1471/964 1560/1469/964
f 1560/1469/965 867/1471/965 231/1180/965 956/1472/965
f 954/1470/966 1560/1469/966 956/1472/966 245/1473/966
f 10/1474/967 958/1475/967 1561/1476/967 957/1477/967
f 958/1475/968 250/1478/968 959/1479/968 1561/1476/968
f 1561/1476/969 959/1479/969 258/1404/969 930/1401/969
f 957/1477/970 1561/1476/970 930/1401/970 11/1400/970
f 259/1413/971 960/1480/971 1562/1481/971 935/1414/971
f 960/1480/972 251/1482/972 961/1483/972 1562/1481/972
f 1562/1481/973 961/1483/973 10/1484/973 957/1485/973
f 935/1414/974 1562/1481/974 957/1485/974 11/1415/974
f 236/1486/975 963/1487/975 1563/1488/975 962/1489/975
f 963/1487/976 292/1490/976 964/1491/976 1563/1488/976
f 1563/1488/977 964/1491/977 290/1492/977 965/1493/977
f 962/1489/978 1563/1488/978 965/1493/978 237/1494/978
f 291/1495/979 967/1496/979 1564/1497/979 966/1498/979
f 967/1496/980 293/1499/980 968/1500/980 1564/1497/980
f 1564/1497/981 968/1500/981 236/1501/981 962/1502/981
f 966/1498/982 1564/1497/982 962/1502/982 237/1503/982
f 237/1494/983 965/1493/983 1565/1504/983 969/1505/983
f 965/1493/984 290/1492/984 970/1506/984 1565/1504/984
f 1565/1504/985 970/1506/985 288/1507/985 971/1508/985
f 969/1505/986 1565/1504/986 971/1508/986 9/1509/986
f 289/1510/987 973/1511/987 1566/1512/987 972/1513/987
f 973/1511/988 291/1495/988 966/1498/988 1566/1512/988
f 1566/1512/989 966/1498/989 237/1503/989 969/1514/989
f 972/1513/990 1566/1512/990 969/1514/990 9/1515/990
f 9/1509/991 971/1508/991 1567/1516/991 974/1517/991
f 971/1508/992 288/1507/992 975/1518/992 1567/1516/992
f 1567/1516/993 975/1518/993 250/1478/993 958/1475/993
f 974/1517/994 1567/1516/994 958/1475/994 10/1474/994
f 251/1482/995 976/1519/995 1568/1520/995 961/1483/995
f 976/1519/996 289/1510/996 972/1513/996 1568/1520/996
f 1568/1520/997 972/1513/997 9/1515/997 974/1521/997
f 961/1483/998 1568/1520/998 974/1521/998 10/1484/998
f 226/1522/999 858/1523/999 1569/1524/999 977/1525/999
f 858/1523/1000 228/1166/1000 978/1526/1000 1569/1524/1000
f 1569/1524/1001 978/1526/1001 296/1527/1001 979/1528/1001
f 977/1525/1002 1569/1524/1002 979/1528/1002 298/1529/1002
f 297/1530/1003 981/1531/1003 1570/1532/1003 980/1533/1003
f 981/1531/1004 229/1168/1004 859/1534/1004 1570/1532/1004
f 1570/1532/1005 859/1534/1005 227/1535/1005 982/1536/1005
f 980/1533/1006 1570/1532/1006 982/1536/1006 299/1537/1006
f 298/1538/1007 979/1528/1007 1571/1539/1007 983/1540/1007
f 979/1528/1008 296/1541/1008 984/1542/1008 1571/1539/1008
f 1571/1539/1009 984/1542/1009 302/1543/1009 985/1544/1009
f 983/1540/1010 1571/1539/1010 985/1544/1010 300/1545/1010
f 303/1546/1011 987/1547/1011 1572/1548/1011 986/1549/1011
f 987/1547/1012 297/1550/1012 980/1533/1012 1572/1548/1012
f 1572/1548/1013 980/1533/1013 299/1551/1013 988/1552/1013
f 986/1549/1014 1572/1548/1014 988/1552/1014 301/1553/1014
f 300/1545/1015 985/1544/1015 1573/1554/1015 989/1555/1015
f 985/1544/1016 302/1543/1016 990/1556/1016 1573/1554/1016
f 1573/1554/1017 990/1556/1017 304/1557/1017 991/1558/1017
f 989/1555/1018 1573/1554/1018 991/1558/1018 306/1559/1018
f 305/1560/1019 993/1561/1019 1574/1562/1019 992/1563/1019
f 993/1561/1020 303/1546/1020 986/1549/1020 1574/1562/1020
f 1574/1562/1021 986/1549/1021 301/1553/1021 994/1564/1021
f 992/1563/1022 1574/1562/1022 994/1564/1022 307/1565/1022
f 306/1566/1023 991/1567/1023 1575/1568/1023 995/1569/1023
f 991/1567/1024 304/1557/1024 996/1570/1024 1575/1568/1024
f 1575/1568/1025 996/1570/1025 310/1571/1025 997/1572/1025
f 995/1569/1026 1575/1568/1026 997/1572/1026 308/1573/1026
f 311/1574/1027 999/1575/1027 1576/1576/1027 998/1577/1027
f 999/1575/1028 305/1578/1028 992/1579/1028 1576/1576/1028
f 1576/1576/1029 992/1579/1029 307/1580/1029 1000/1581/1029
f 998/1577/1030 1576/1576/1030 1000/1581/1030 309/1582/1030
f 248/1583/1031 1002/1584/1031 1577/1585/1031 1001/1586/1031
f 1002/1584/1032 312/1587/1032 1003/1588/1032 1577/1585/1032
f 1577/1585/1033 1003/1588/1033 308/1589/1033 997/1590/1033
f 1001/1586/1034 1577/1585/1034 997/1590/1034 310/1571/1034
f 309/1591/1035 1004/1592/1035 1578/1593/1035 998/1594/1035
f 1004/1592/1036 313/1595/1036 1005/1596/1036 1578/1593/1036
f 1578/1593/1037 1005/1596/1037 249/1597/1037 1006/1598/1037
f 998/1594/1038 1578/1593/1038 1006/1598/1038 311/1574/1038
f 250/1599/1039 975/1600/1039 1579/1601/1039 1007/1602/1039
f 975/1600/1040 288/1603/1040 1008/1604/1040 1579/1601/1040
f 1579/1601/1041 1008/1604/1041 308/1605/1041 1003/1606/1041
f 1007/1602/1042 1579/1601/1042 1003/1606/1042 312/1607/1042
f 309/1591/1043 1009/1608/1043 1580/1609/1043 1004/1610/1043
f 1009/1608/1044 289/1611/1044 976/1612/1044 1580/1609/1044
f 1580/1609/1045 976/1612/1045 251/1613/1045 1010/1614/1045
f 1004/1610/1046 1580/1609/1046 1010/1614/1046 313/1615/1046
f 288/1603/1047 970/1616/1047 1581/1617/1047 1008/1604/1047
f 970/1616/1048 290/1618/1048 1011/1619/1048 1581/1617/1048
f 1581/1617/1049 1011/1619/1049 306/1620/1049 995/1621/1049
f 1008/1604/1050 1581/1617/1050 995/1621/1050 308/1605/1050
f 307/1565/1051 1012/1622/1051 1582/1623/1051 1000/1624/1051
f 1012/1622/1052 291/1625/1052 973/1626/1052 1582/1623/1052
f 1582/1623/1053 973/1626/1053 289/1611/1053 1009/1608/1053
f 1000/1624/1054 1582/1623/1054 1009/1608/1054 309/1591/1054
f 290/1618/1055 964/1491/1055 1583/1627/1055 1011/1619/1055
f 964/1491/1056 292/1628/1056 1013/1629/1056 1583/1627/1056
f 1583/1627/1057 1013/1629/1057 300/1630/1057 989/1555/1057
f 1011/1619/1058 1583/1627/1058 989/1555/1058 306/1620/1058
f 301/1631/1059 1014/1632/1059 1584/1633/1059 994/1634/1059
f 1014/1632/1060 293/1635/1060 967/1636/1060 1584/1633/1060
f 1584/1633/1061 967/1636/1061 291/1625/1061 1012/1622/1061
f 994/1634/1062 1584/1633/1062 1012/1622/1062 307/1565/1062
f 292/1628/1063 1015/1637/1063 1585/1638/1063 1013/1629/1063
f 1015/1637/1064 294/1639/1064 1016/1640/1064 1585/1638/1064
f 1585/1638/1065 1016/1640/1065 298/1641/1065 983/1540/1065
f 1013/1629/1066 1585/1638/1066 983/1540/1066 300/1630/1066
f 299/1551/1067 1017/1642/1067 1586/1643/1067 988/1644/1067
f 1017/1642/1068 295/1645/1068 1018/1646/1068 1586/1643/1068
f 1586/1643/1069 1018/1646/1069 293/1635/1069 1014/1632/1069
f 988/1644/1070 1586/1643/1070 1014/1632/1070 301/1631/1070
f 224/1647/1071 854/1648/1071 1587/1649/1071 1019/1650/1071
f 854/1648/1072 226/1522/1072 977/1525/1072 1587/1649/1072
f 1587/1649/1073 977/1525/1073 298/1529/1073 1016/1651/1073
f 1019/1650/1074 1587/1649/1074 1016/1651/1074 294/1652/1074
f 299/1537/1075 982/1536/1075 1588/1653/1075 1017/1654/1075
f 982/1536/1076 227/1535/1076 855/1655/1076 1588/1653/1076
f 1588/1653/1077 855/1655/1077 225/1656/1077 1020/1657/1077
f 1017/1654/1078 1588/1653/1078 1020/1657/1078 295/1645/1078
f 8/1658/1079 1022/1659/1079 1589/1660/1079 1021/1661/1079
f 1022/1659/1080 294/1652/1080 1015/1662/1080 1589/1660/1080
f 1589/1660/1081 1015/1662/1081 292/1490/1081 963/1487/1081
f 1021/1661/1082 1589/1660/1082 963/1487/1082 236/1486/1082
f 293/1499/1083 1018/1663/1083 1590/1664/1083 968/1500/1083
f 1018/1663/1084 295/1645/1084 1023/1665/1084 1590/1664/1084
f 1590/1664/1085 1023/1665/1085 8/1666/1085 1021/1667/1085
f 968/1500/1086 1590/1664/1086 1021/1667/1086 236/1501/1086
f 218/1668/1087 842/1669/1087 1591/1670/1087 1024/1671/1087
f 842/1669/1088 220/1672/1088 846/1673/1088 1591/1670/1088
f 1591/1670/1089 846/1673/1089 222/1674/1089 850/1675/1089
f 1024/1671/1090 1591/1670/1090 850/1675/1090 224/1647/1090
f 223/1676/1091 847/1677/1091 1592/1678/1091 851/1679/1091
f 847/1677/1092 221/1680/1092 843/1681/1092 1592/1678/1092
f 1592/1678/1093 843/1681/1093 219/1682/1093 1025/1683/1093
f 851/1679/1094 1592/1678/1094 1025/1683/1094 225/1656/1094
f 218/1668/1095 1024/1684/1095 1593/1685/1095 1026/1686/1095
f 1024/1684/1096 224/1647/1096 1019/1650/1096 1593/1685/1096
f 1593/1685/1097 1019/1650/1097 294/1652/1097 1022/1659/1097
f 1026/1686/1098 1593/1685/1098 1022/1659/1098 8/1658/1098
f 295/1645/1099 1020/1657/1099 1594/1687/1099 1023/1665/1099
f 1020/1657/1100 225/1656/1100 1025/1688/1100 1594/1687/1100
f 1594/1687/1101 1025/1688/1101 219/1682/1101 1027/1689/1101
f 1023/1665/1102 1594/1687/1102 1027/1689/1102 8/1666/1102
f 7/1690/1103 838/1691/1103 1595/1692/1103 1028/1693/1103
f 218/1668/1104 1026/1694/1104 1595/1692/1104 838/1691/1104
f 8/1658/1105 1028/1695/1105 1595/1692/1105 1026/1696/1105
f 8/1666/1106 1027/1689/1106 1596/1697/1106 1028/1698/1106
f 219/1682/1107 839/1699/1107 1596/1697/1107 1027/1689/1107
f 7/1700/1108 1028/1698/1108 1596/1697/1108 839/1701/1108
f 228/1166/1109 862/1179/1109 1597/1702/1109 978/1526/1109
f 862/1179/1110 230/1178/1110 951/1462/1110 1597/1702/1110
f 1597/1702/1111 951/1462/1111 244/1466/1111 1029/1703/1111
f 978/1526/1112 1597/1702/1112 1029/1703/1112 296/1527/1112
f 245/1473/1113 956/1472/1113 1598/1704/1113 1030/1705/1113
f 956/1472/1114 231/1180/1114 863/1183/1114 1598/1704/1114
f 1598/1704/1115 863/1183/1115 229/1168/1115 981/1531/1115
f 1030/1705/1116 1598/1704/1116 981/1531/1116 297/1530/1116
f 244/1706/1117 1031/1707/1117 1599/1708/1117 1029/1709/1117
f 1031/1707/1118 246/1710/1118 1032/1711/1118 1599/1708/1118
f 1599/1708/1119 1032/1711/1119 302/1712/1119 984/1713/1119
f 1029/1709/1120 1599/1708/1120 984/1713/1120 296/1527/1120
f 303/1714/1121 1033/1715/1121 1600/1716/1121 987/1547/1121
f 1033/1715/1122 247/1717/1122 1034/1718/1122 1600/1716/1122
f 1600/1716/1123 1034/1718/1123 245/1719/1123 1030/1720/1123
f 987/1547/1124 1600/1716/1124 1030/1720/1124 297/1530/1124
f 246/1710/1125 1035/1721/1125 1601/1722/1125 1032/1711/1125
f 1035/1721/1126 316/1723/1126 1036/1724/1126 1601/1722/1126
f 1601/1722/1127 1036/1724/1127 304/1725/1127 990/1556/1127
f 1032/1711/1128 1601/1722/1128 990/1556/1128 302/1712/1128
f 305/1578/1129 1037/1726/1129 1602/1727/1129 993/1728/1129
f 1037/1726/1130 317/1729/1130 1038/1730/1130 1602/1727/1130
f 1602/1727/1131 1038/1730/1131 247/1717/1131 1033/1715/1131
f 993/1728/1132 1602/1727/1132 1033/1715/1132 303/1714/1132
f 248/1583/1133 1001/1731/1133 1603/1732/1133 1039/1733/1133
f 1001/1731/1134 310/1571/1134 996/1734/1134 1603/1732/1134
f 1603/1732/1135 996/1734/1135 304/1725/1135 1036/1724/1135
f 1039/1733/1136 1603/1732/1136 1036/1724/1136 316/1723/1136
f 305/1735/1137 999/1575/1137 1604/1736/1137 1037/1737/1137
f 999/1575/1138 311/1574/1138 1006/1738/1138 1604/1736/1138
f 1604/1736/1139 1006/1738/1139 249/1597/1139 1040/1739/1139
f 1037/1737/1140 1604/1736/1140 1040/1739/1140 317/1729/1140
f 282/1433/1141 942/1740/1141 1605/1741/1141 1041/1742/1141
f 942/1740/1142 284/1743/1142 1042/1744/1142 1605/1741/1142
f 1605/1741/1143 1042/1744/1143 320/1745/1143 1043/1746/1143
f 1041/1742/1144 1605/1741/1144 1043/1746/1144 318/1747/1144
f 321/1748/1145 1045/1749/1145 1606/1750/1145 1044/1751/1145
f 1045/1749/1146 285/1752/1146 945/1753/1146 1606/1750/1146
f 1606/1750/1147 945/1753/1147 283/1436/1147 1046/1754/1147
f 1044/1751/1148 1606/1750/1148 1046/1754/1148 319/1755/1148
f 252/1464/1149 1048/1756/1149 1607/1757/1149 1047/1758/1149
f 1048/1756/1150 318/1747/1150 1043/1759/1150 1607/1757/1150
f 1607/1757/1151 1043/1759/1151 320/1760/1151 1049/1761/1151
f 1047/1758/1152 1607/1757/1152 1049/1761/1152 254/1762/1152
f 321/1748/1153 1044/1751/1153 1608/1763/1153 1050/1764/1153
f 1044/1751/1154 319/1755/1154 1051/1765/1154 1608/1763/1154
f 1608/1763/1155 1051/1765/1155 253/1467/1155 1052/1766/1155
f 1050/1764/1156 1608/1763/1156 1052/1766/1156 255/1767/1156
f 232/1206/1157 870/1205/1157 1609/1768/1157 952/1463/1157
f 870/1205/1158 234/1204/1158 1053/1769/1158 1609/1768/1158
f 1609/1768/1159 1053/1769/1159 318/1747/1159 1048/1756/1159
f 952/1463/1160 1609/1768/1160 1048/1756/1160 252/1464/1160
f 319/1755/1161 1054/1770/1161 1610/1771/1161 1051/1765/1161
f 1054/1770/1162 235/1207/1162 871/1210/1162 1610/1771/1162
f 1610/1771/1163 871/1210/1163 233/1213/1163 955/1468/1163
f 1051/1765/1164 1610/1771/1164 955/1468/1164 253/1467/1164
f 234/1204/1165 1055/1772/1165 1611/1773/1165 1053/1769/1165
f 1055/1772/1166 278/1355/1166 916/1354/1166 1611/1773/1166
f 1611/1773/1167 916/1354/1167 276/1353/1167 1056/1774/1167
f 1053/1769/1168 1611/1773/1168 1056/1774/1168 318/1747/1168
f 277/1362/1169 919/1775/1169 1612/1776/1169 1057/1777/1169
f 919/1775/1170 279/1778/1170 1058/1779/1170 1612/1776/1170
f 1612/1776/1171 1058/1779/1171 235/1207/1171 1054/1770/1171
f 1057/1777/1172 1612/1776/1172 1054/1770/1172 319/1755/1172
f 276/1353/1173 949/1455/1173 1613/1780/1173 1056/1781/1173
f 282/1433/1174 1041/1782/1174 1613/1780/1174 949/1455/1174
f 318/1747/1175 1056/1774/1175 1613/1780/1175 1041/1783/1175
f 319/1755/1176 1046/1754/1176 1614/1784/1176 1057/1777/1176
f 283/1436/1177 950/1785/1177 1614/1784/1177 1046/1754/1177
f 277/1362/1178 1057/1777/1178 1614/1784/1178 950/1786/1178
f 234/1204/1179 927/1787/1179 1615/1788/1179 1055/1789/1179
f 280/1381/1180 924/1790/1180 1615/1788/1180 927/1394/1180
f 278/1355/1181 1055/1789/1181 1615/1788/1181 924/1791/1181
f 279/1358/1182 925/1792/1182 1616/1793/1182 1058/1779/1182
f 281/1390/1183 928/1396/1183 1616/1793/1183 925/1794/1183
f 235/1207/1184 1058/1795/1184 1616/1793/1184 928/1796/1184
f 248/1583/1185 1059/1797/1185 1617/1798/1185 1002/1799/1185
f 1059/1797/1186 256/1800/1186 1060/1801/1186 1617/1798/1186
f 1617/1798/1187 1060/1801/1187 314/1802/1187 1061/1803/1187
f 1002/1799/1188 1617/1798/1188 1061/1803/1188 312/1804/1188
f 315/1805/1189 1063/1806/1189 1618/1807/1189 1062/1808/1189
f 1063/1806/1190 257/1809/1190 1064/1810/1190 1618/1807/1190
f 1618/1807/1191 1064/1810/1191 249/1597/1191 1005/1811/1191
f 1062/1808/1192 1618/1807/1192 1005/1811/1192 313/1595/1192
f 250/1478/1193 1007/1812/1193 1619/1813/1193 959/1479/1193
f 1007/1812/1194 312/1587/1194 1061/1814/1194 1619/1813/1194
f 1619/1813/1195 1061/1814/1195 314/1802/1195 1065/1815/1195
f 959/1479/1196 1619/1813/1196 1065/1815/1196 258/1404/1196
f 315/1805/1197 1062/1808/1197 1620/1816/1197 1066/1817/1197
f 1062/1808/1198 313/1595/1198 1010/1818/1198 1620/1816/1198
f 1620/1816/1199 1010/1818/1199 251/1482/1199 960/1480/1199
f 1066/1817/1200 1620/1816/1200 960/1480/1200 259/1413/1200
f 254/1762/1201 1049/1761/1201 1621/1819/1201 1067/1820/1201
f 1049/1761/1202 320/1760/1202 1068/1821/1202 1621/1819/1202
f 1621/1819/1203 1068/1821/1203 314/1802/1203 1060/1822/1203
f 1067/1820/1204 1621/1819/1204 1060/1822/1204 256/1800/1204
f 315/1805/1205 1069/1823/1205 1622/1824/1205 1063/1806/1205
f 1069/1823/1206 321/1748/1206 1050/1764/1206 1622/1824/1206
f 1622/1824/1207 1050/1764/1207 255/1767/1207 1070/1825/1207
f 1063/1806/1208 1622/1824/1208 1070/1825/1208 257/1809/1208
f 284/1743/1209 937/1826/1209 1623/1827/1209 1042/1744/1209
f 937/1826/1210 286/1828/1210 1071/1829/1210 1623/1827/1210
f 1623/1827/1211 1071/1829/1211 314/1802/1211 1068/1821/1211
f 1042/1744/1212 1623/1827/1212 1068/1821/1212 320/1745/1212
f 315/1805/1213 1072/1830/1213 1624/1831/1213 1069/1823/1213
f 1072/1830/1214 287/1832/1214 940/1425/1214 1624/1831/1214
f 1624/1831/1215 940/1425/1215 285/1752/1215 1045/1749/1215
f 1069/1823/1216 1624/1831/1216 1045/1749/1216 321/1748/1216
f 258/1833/1217 1065/1815/1217 1625/1834/1217 931/1405/1217
f 314/1802/1218 1071/1835/1218 1625/1834/1218 1065/1836/1218
f 286/1837/1219 931/1838/1219 1625/1834/1219 1071/1829/1219
f 287/1839/1220 1072/1840/1220 1626/1841/1220 934/1842/1220
f 315/1805/1221 1066/1843/1221 1626/1841/1221 1072/1844/1221
f 259/1845/1222 934/1842/1222 1626/1841/1222 1066/1846/1222
f 334/1847/1223 1074/1848/1223 1627/1849/1223 1073/1850/1223
f 1074/1848/1224 322/1851/1224 1075/1852/1224 1627/1849/1224
f 1627/1849/1225 1075/1852/1225 348/1853/1225 1076/1854/1225
f 1073/1850/1226 1627/1849/1226 1076/1854/1226 336/1855/1226
f 349/1856/1227 1078/1857/1227 1628/1858/1227 1077/1859/1227
f 1078/1857/1228 323/1860/1228 1079/1861/1228 1628/1858/1228
f 1628/1858/1229 1079/1861/1229 335/1862/1229 1080/1863/1229
f 1077/1859/1230 1628/1858/1230 1080/1863/1230 337/1864/1230
f 334/1847/1231 1073/1865/1231 1629/1866/1231 1081/1867/1231
f 1073/1865/1232 336/1855/1232 1082/1868/1232 1629/1866/1232
f 1629/1866/1233 1082/1868/1233 338/1869/1233 1083/1870/1233
f 1081/1867/1234 1629/1866/1234 1083/1870/1234 332/1871/1234
f 339/1872/1235 1085/1873/1235 1630/1874/1235 1084/1875/1235
f 1085/1873/1236 337/1864/1236 1080/1876/1236 1630/1874/1236
f 1630/1874/1237 1080/1876/1237 335/1862/1237 1086/1877/1237
f 1084/1875/1238 1630/1874/1238 1086/1877/1238 333/1878/1238
f 332/1871/1239 1083/1870/1239 1631/1879/1239 1087/1880/1239
f 1083/1870/1240 338/1869/1240 1088/1881/1240 1631/1879/1240
f 1631/1879/1241 1088/1881/1241 340/1882/1241 1089/1883/1241
f 1087/1880/1242 1631/1879/1242 1089/1883/1242 330/1884/1242
f 341/1885/1243 1091/1886/1243 1632/1887/1243 1090/1888/1243
f 1091/1886/1244 339/1872/1244 1084/1875/1244 1632/1887/1244
f 1632/1887/1245 1084/1875/1245 333/1878/1245 1092/1889/1245
f 1090/1888/1246 1632/1887/1246 1092/1889/1246 331/1890/1246
f 330/1884/1247 1089/1883/1247 1633/1891/1247 1093/1892/1247
f 1089/1883/1248 340/1882/1248 1094/1893/1248 1633/1891/1248
f 1633/1891/1249 1094/1893/1249 342/1894/1249 1095/1895/1249
f 1093/1892/1250 1633/1891/1250 1095/1895/1250 328/1896/1250
f 343/1897/1251 1097/1898/1251 1634/1899/1251 1096/1900/1251
f 1097/1898/1252 341/1885/1252 1090/1888/1252 1634/1899/1252
f 1634/1899/1253 1090/1888/1253 331/1890/1253 1098/1901/1253
f 1096/1900/1254 1634/1899/1254 1098/1901/1254 329/1902/1254
f 328/1896/1255 1095/1903/1255 1635/1904/1255 1099/1905/1255
f 1095/1903/1256 342/1894/1256 1100/1906/1256 1635/1904/1256
f 1635/1904/1257 1100/1906/1257 344/1907/1257 1101/1908/1257
f 1099/1905/1258 1635/1904/1258 1101/1908/1258 326/1909/1258
f 345/1910/1259 1103/1911/1259 1636/1912/1259 1102/1913/1259
f 1103/1911/1260 343/1914/1260 1096/1915/1260 1636/1912/1260
f 1636/1912/1261 1096/1915/1261 329/1916/1261 1104/1917/1261
f 1102/1913/1262 1636/1912/1262 1104/1917/1262 327/1918/1262
f 326/1909/1263 1101/1908/1263 1637/1919/1263 1105/1920/1263
f 1101/1908/1264 344/1907/1264 1106/1921/1264 1637/1919/1264
f 1637/1919/1265 1106/1921/1265 346/1922/1265 1107/1923/1265
f 1105/1920/1266 1637/1919/1266 1107/1923/1266 324/1924/1266
f 347/1925/1267 1109/1926/1267 1638/1927/1267 1108/1928/1267
f 1109/1926/1268 345/1910/1268 1102/1913/1268 1638/1927/1268
f 1638/1927/1269 1102/1913/1269 327/1918/1269 1110/1929/1269
f 1108/1928/1270 1638/1927/1270 1110/1929/1270 325/1930/1270
f 344/1907/1271 1111/1931/1271 1639/1932/1271 1106/1921/1271
f 1111/1931/1272 354/1933/1272 1112/1934/1272 1639/1932/1272
f 1639/1932/1273 1112/1934/1273 352/1935/1273 1113/1936/1273
f 1106/1921/1274 1639/1932/1274 1113/1936/1274 346/1922/1274
f 353/1937/1275 1115/1938/1275 1640/1939/1275 1114/1940/1275
f 1115/1938/1276 355/1941/1276 1116/1942/1276 1640/1939/1276
f 1640/1939/1277 1116/1942/1277 345/1910/1277 1109/1926/1277
f 1114/1940/1278 1640/1939/1278 1109/1926/1278 347/1925/1278
f 342/1894/1279 1117/1943/1279 1641/1944/1279 1100/1906/1279
f 1117/1943/1280 356/1945/1280 1118/1946/1280 1641/1944/1280
f 1641/1944/1281 1118/1946/1281 354/1933/1281 1111/1931/1281
f 1100/1906/1282 1641/1944/1282 1111/1931/1282 344/1907/1282
f 355/1941/1283 1119/1947/1283 1642/1948/1283 1116/1942/1283
f 1119/1947/1284 357/1949/1284 1120/1950/1284 1642/1948/1284
f 1642/1948/1285 1120/1950/1285 343/1914/1285 1103/1911/1285
f 1116/1942/1286 1642/1948/1286 1103/1911/1286 345/1910/1286
f 340/1951/1287 1121/1952/1287 1643/1953/1287 1094/1954/1287
f 1121/1952/1288 358/1955/1288 1122/1956/1288 1643/1953/1288
f 1643/1953/1289 1122/1956/1289 356/1945/1289 1117/1943/1289
f 1094/1954/1290 1643/1953/1290 1117/1943/1290 342/1894/1290
f 357/1949/1291 1123/1957/1291 1644/1958/1291 1120/1950/1291
f 1123/1957/1292 359/1959/1292 1124/1960/1292 1644/1958/1292
f 1644/1958/1293 1124/1960/1293 341/1961/1293 1097/1962/1293
f 1120/1950/1294 1644/1958/1294 1097/1962/1294 343/1914/1294
f 338/1963/1295 1125/1964/1295 1645/1965/1295 1088/1966/1295
f 1125/1964/1296 360/1967/1296 1126/1968/1296 1645/1965/1296
f 1645/1965/1297 1126/1968/1297 358/1955/1297 1121/1952/1297
f 1088/1966/1298 1645/1965/1298 1121/1952/1298 340/1951/1298
f 359/1959/1299 1127/1969/1299 1646/1970/1299 1124/1960/1299
f 1127/1969/1300 361/1971/1300 1128/1972/1300 1646/1970/1300
f 1646/1970/1301 1128/1972/1301 339/1973/1301 1091/1974/1301
f 1124/1960/1302 1646/1970/1302 1091/1974/1302 341/1961/1302
f 336/1975/1303 1129/1976/1303 1647/1977/1303 1082/1978/1303
f 1129/1976/1304 362/1979/1304 1130/1980/1304 1647/1977/1304
f 1647/1977/1305 1130/1980/1305 360/1967/1305 1125/1964/1305
f 1082/1978/1306 1647/1977/1306 1125/1964/1306 338/1963/1306
f 361/1971/1307 1131/1981/1307 1648/1982/1307 1128/1972/1307
f 1131/1981/1308 363/1983/1308 1132/1984/1308 1648/1982/1308
f 1648/1982/1309 1132/1984/1309 337/1985/1309 1085/1873/1309
f 1128/1972/1310 1648/1982/1310 1085/1873/1310 339/1973/1310
f 336/1986/1311 1076/1987/1311 1649/1988/1311 1129/1989/1311
f 1076/1987/1312 348/1990/1312 1133/1991/1312 1649/1988/1312
f 1649/1988/1313 1133/1991/1313 350/1992/1313 1134/1993/1313
f 1129/1989/1314 1649/1988/1314 1134/1993/1314 362/1994/1314
f 351/1995/1315 1136/1996/1315 1650/1997/1315 1135/1998/1315
f 1136/1996/1316 349/1999/1316 1077/2000/1316 1650/1997/1316
f 1650/1997/1317 1077/2000/1317 337/1985/1317 1132/2001/1317
f 1135/1998/1318 1650/1997/1318 1132/2001/1318 363/2002/1318
f 252/1464/1319 1047/2003/1319 1651/2004/1319 1137/2005/1319
f 1047/2003/1320 254/1762/1320 1138/2006/1320 1651/2004/1320
f 1651/2004/1321 1138/2006/1321 378/2007/1321 1139/2008/1321
f 1137/2005/1322 1651/2004/1322 1139/2008/1322 376/2009/1322
f 379/2010/1323 1141/2011/1323 1652/2012/1323 1140/2013/1323
f 1141/2011/1324 255/1767/1324 1052/2014/1324 1652/2012/1324
f 1652/2012/1325 1052/2014/1325 253/1467/1325 1142/2015/1325
f 1140/2013/1326 1652/2012/1326 1142/2015/1326 377/2016/1326
f 254/2017/1327 1143/2018/1327 1653/2019/1327 1138/2020/1327
f 1143/2018/1328 324/2021/1328 1107/2022/1328 1653/2019/1328
f 1653/2019/1329 1107/2022/1329 346/2023/1329 1144/2024/1329
f 1138/2020/1330 1653/2019/1330 1144/2024/1330 378/2025/1330
f 347/2026/1331 1108/1928/1331 1654/2027/1331 1145/2028/1331
f 1108/1928/1332 325/2029/1332 1146/2030/1332 1654/2027/1332
f 1654/2027/1333 1146/2030/1333 255/2031/1333 1141/2032/1333
f 1145/2028/1334 1654/2027/1334 1141/2032/1334 379/2033/1334
f 244/1466/1335 953/1465/1335 1655/2034/1335 1031/2035/1335
f 953/1465/1336 252/1464/1336 1137/2005/1336 1655/2034/1336
f 1655/2034/1337 1137/2005/1337 376/2009/1337 1147/2036/1337
f 1031/2035/1338 1655/2034/1338 1147/2036/1338 246/1710/1338
f 377/2016/1339 1142/2015/1339 1656/2037/1339 1148/2038/1339
f 1142/2015/1340 253/1467/1340 954/1470/1340 1656/2037/1340
f 1656/2037/1341 954/1470/1341 245/1473/1341 1034/2039/1341
f 1148/2038/1342 1656/2037/1342 1034/2039/1342 247/1717/1342
f 316/2040/1343 1150/2041/1343 1657/2042/1343 1149/2043/1343
f 1150/2041/1344 364/2044/1344 1151/2045/1344 1657/2042/1344
f 1657/2042/1345 1151/2045/1345 348/2046/1345 1075/2047/1345
f 1149/2043/1346 1657/2042/1346 1075/2047/1346 322/1851/1346
f 349/2048/1347 1152/2049/1347 1658/2050/1347 1078/2051/1347
f 1152/2049/1348 365/2052/1348 1153/2053/1348 1658/2050/1348
f 1658/2050/1349 1153/2053/1349 317/2054/1349 1154/2055/1349
f 1078/2051/1350 1658/2050/1350 1154/2055/1350 323/1860/1350
f 346/2023/1351 1113/2056/1351 1659/2057/1351 1144/2058/1351
f 1113/2056/1352 352/1935/1352 1155/2059/1352 1659/2057/1352
f 1659/2057/1353 1155/2059/1353 374/2060/1353 1156/2061/1353
f 1144/2058/1354 1659/2057/1354 1156/2061/1354 378/2025/1354
f 375/2062/1355 1158/2063/1355 1660/2064/1355 1157/2065/1355
f 1158/2063/1356 353/1937/1356 1114/2066/1356 1660/2064/1356
f 1660/2064/1357 1114/2066/1357 347/2026/1357 1145/2028/1357
f 1157/2065/1358 1660/2064/1358 1145/2028/1358 379/2033/1358
f 372/2067/1359 1160/2068/1359 1661/2069/1359 1159/2070/1359
f 1160/2068/1360 380/2071/1360 1161/2072/1360 1661/2069/1360
f 1661/2069/1361 1161/2072/1361 378/2025/1361 1156/2073/1361
f 1159/2070/1362 1661/2069/1362 1156/2073/1362 374/2074/1362
f 379/2033/1363 1162/2075/1363 1662/2076/1363 1157/2077/1363
f 1162/2075/1364 381/2078/1364 1163/2079/1364 1662/2076/1364
f 1662/2076/1365 1163/2079/1365 373/2080/1365 1164/2081/1365
f 1157/2077/1366 1662/2076/1366 1164/2081/1366 375/2082/1366
f 368/2083/1367 1166/2084/1367 1663/2085/1367 1165/2086/1367
f 1166/2084/1368 380/2071/1368 1160/2087/1368 1663/2085/1368
f 1663/2085/1369 1160/2087/1369 372/2088/1369 1167/2089/1369
f 1165/2086/1370 1663/2085/1370 1167/2089/1370 370/2090/1370
f 373/2080/1371 1163/2091/1371 1664/2092/1371 1168/2093/1371
f 1163/2091/1372 381/2078/1372 1169/2094/1372 1664/2092/1372
f 1664/2092/1373 1169/2094/1373 369/2095/1373 1170/2096/1373
f 1168/2093/1374 1664/2092/1374 1170/2096/1374 371/2097/1374
f 366/2098/1375 1172/2099/1375 1665/2100/1375 1171/2101/1375
f 1172/2099/1376 382/2102/1376 1173/2103/1376 1665/2100/1376
f 1665/2100/1377 1173/2103/1377 380/2071/1377 1166/2084/1377
f 1171/2101/1378 1665/2100/1378 1166/2084/1378 368/2083/1378
f 381/2078/1379 1174/2104/1379 1666/2105/1379 1169/2094/1379
f 1174/2104/1380 383/2106/1380 1175/2107/1380 1666/2105/1380
f 1666/2105/1381 1175/2107/1381 367/2108/1381 1176/2109/1381
f 1169/2094/1382 1666/2105/1382 1176/2109/1382 369/2095/1382
f 364/2044/1383 1178/2110/1383 1667/2111/1383 1177/2112/1383
f 1178/2110/1384 382/2102/1384 1172/2113/1384 1667/2111/1384
f 1667/2111/1385 1172/2113/1385 366/2114/1385 1179/2115/1385
f 1177/2112/1386 1667/2111/1386 1179/2115/1386 384/2116/1386
f 367/2108/1387 1175/2117/1387 1668/2118/1387 1180/2119/1387
f 1175/2117/1388 383/2106/1388 1181/2120/1388 1668/2118/1388
f 1668/2118/1389 1181/2120/1389 365/2052/1389 1182/2121/1389
f 1180/2119/1390 1668/2118/1390 1182/2121/1390 385/2122/1390
f 348/1853/1391 1151/2123/1391 1669/2124/1391 1133/2125/1391
f 1151/2123/1392 364/2044/1392 1177/2112/1392 1669/2124/1392
f 1669/2124/1393 1177/2112/1393 384/2116/1393 1183/2126/1393
f 1133/2125/1394 1669/2124/1394 1183/2126/1394 350/2127/1394
f 385/2122/1395 1182/2121/1395 1670/2128/1395 1184/2129/1395
f 1182/2121/1396 365/2052/1396 1152/2130/1396 1670/2128/1396
f 1670/2128/1397 1152/2130/1397 349/1856/1397 1136/2131/1397
f 1184/2129/1398 1670/2128/1398 1136/2131/1398 351/2132/1398
f 246/1710/1399 1185/2133/1399 1671/2134/1399 1035/1721/1399
f 1185/2133/1400 382/2135/1400 1178/2136/1400 1671/2134/1400
f 1671/2134/1401 1178/2136/1401 364/2137/1401 1150/2138/1401
f 1035/1721/1402 1671/2134/1402 1150/2138/1402 316/1723/1402
f 365/2139/1403 1181/2140/1403 1672/2141/1403 1153/2142/1403
f 1181/2140/1404 383/2143/1404 1186/2144/1404 1672/2141/1404
f 1672/2141/1405 1186/2144/1405 247/1717/1405 1038/2145/1405
f 1153/2142/1406 1672/2141/1406 1038/2145/1406 317/1729/1406
f 246/1710/1407 1147/2036/1407 1673/2146/1407 1185/2147/1407
f 1147/2036/1408 376/2009/1408 1187/2148/1408 1673/2146/1408
f 1673/2146/1409 1187/2148/1409 380/2149/1409 1173/2150/1409
f 1185/2147/1410 1673/2146/1410 1173/2150/1410 382/2135/1410
f 381/2151/1411 1188/2152/1411 1674/2153/1411 1174/2154/1411
f 1188/2152/1412 377/2016/1412 1148/2038/1412 1674/2153/1412
f 1674/2153/1413 1148/2038/1413 247/1717/1413 1186/2155/1413
f 1174/2154/1414 1674/2153/1414 1186/2155/1414 383/2143/1414
f 376/2156/1415 1139/2008/1415 1675/2157/1415 1187/2148/1415
f 378/2007/1416 1161/2158/1416 1675/2157/1416 1139/2159/1416
f 380/2149/1417 1187/2160/1417 1675/2157/1417 1161/2161/1417
f 381/2151/1418 1162/2162/1418 1676/2163/1418 1188/2164/1418
f 379/2010/1419 1140/2165/1419 1676/2163/1419 1162/2166/1419
f 377/2167/1420 1188/2168/1420 1676/2163/1420 1140/2169/1420
f 350/1992/1421 1183/2170/1421 1677/2171/1421 1189/2172/1421
f 1183/2170/1422 384/2116/1422 1190/2173/1422 1677/2171/1422
f 1677/2171/1423 1190/2173/1423 386/2174/1423 1191/2175/1423
f 1189/2172/1424 1677/2171/1424 1191/2175/1424 410/2176/1424
f 387/2177/1425 1193/2178/1425 1678/2179/1425 1192/2180/1425
f 1193/2178/1426 385/2181/1426 1184/2129/1426 1678/2179/1426
f 1678/2179/1427 1184/2129/1427 351/1995/1427 1194/2182/1427
f 1192/2180/1428 1678/2179/1428 1194/2182/1428 411/2183/1428
f 384/2116/1429 1179/2184/1429 1679/2185/1429 1190/2173/1429
f 1179/2184/1430 366/2186/1430 1195/2187/1430 1679/2185/1430
f 1679/2185/1431 1195/2187/1431 396/2188/1431 1196/2189/1431
f 1190/2173/1432 1679/2185/1432 1196/2189/1432 386/2174/1432
f 397/2190/1433 1198/2191/1433 1680/2192/1433 1197/2193/1433
f 1198/2191/1434 367/2194/1434 1180/2195/1434 1680/2192/1434
f 1680/2192/1435 1180/2195/1435 385/2181/1435 1193/2178/1435
f 1197/2193/1436 1680/2192/1436 1193/2178/1436 387/2177/1436
f 366/2114/1437 1171/2196/1437 1681/2197/1437 1195/2187/1437
f 1171/2196/1438 368/2083/1438 1199/2198/1438 1681/2197/1438
f 1681/2197/1439 1199/2198/1439 394/2199/1439 1200/2200/1439
f 1195/2187/1440 1681/2197/1440 1200/2200/1440 396/2201/1440
f 395/2202/1441 1202/2203/1441 1682/2204/1441 1201/2205/1441
f 1202/2203/1442 369/2095/1442 1176/2109/1442 1682/2204/1442
f 1682/2204/1443 1176/2109/1443 367/2108/1443 1198/2206/1443
f 1201/2205/1444 1682/2204/1444 1198/2206/1444 397/2207/1444
f 368/2083/1445 1165/2208/1445 1683/2209/1445 1199/2198/1445
f 1165/2208/1446 370/2090/1446 1203/2210/1446 1683/2209/1446
f 1683/2209/1447 1203/2210/1447 392/2211/1447 1204/2212/1447
f 1199/2198/1448 1683/2209/1448 1204/2212/1448 394/2199/1448
f 393/2213/1449 1206/2214/1449 1684/2215/1449 1205/2216/1449
f 1206/2214/1450 371/2097/1450 1170/2217/1450 1684/2215/1450
f 1684/2215/1451 1170/2217/1451 369/2095/1451 1202/2203/1451
f 1205/2216/1452 1684/2215/1452 1202/2203/1452 395/2202/1452
f 370/2090/1453 1167/2089/1453 1685/2218/1453 1203/2210/1453
f 1167/2089/1454 372/2088/1454 1207/2219/1454 1685/2218/1454
f 1685/2218/1455 1207/2219/1455 390/2220/1455 1208/2221/1455
f 1203/2210/1456 1685/2218/1456 1208/2221/1456 392/2211/1456
f 391/2222/1457 1210/2223/1457 1686/2224/1457 1209/2225/1457
f 1210/2223/1458 373/2080/1458 1168/2093/1458 1686/2224/1458
f 1686/2224/1459 1168/2093/1459 371/2097/1459 1206/2214/1459
f 1209/2225/1460 1686/2224/1460 1206/2214/1460 393/2213/1460
f 372/2088/1461 1159/2226/1461 1687/2227/1461 1207/2219/1461
f 1159/2226/1462 374/2228/1462 1211/2229/1462 1687/2227/1462
f 1687/2227/1463 1211/2229/1463 388/2230/1463 1212/2231/1463
f 1207/2219/1464 1687/2227/1464 1212/2231/1464 390/2220/1464
f 389/2232/1465 1214/2233/1465 1688/2234/1465 1213/2235/1465
f 1214/2233/1466 375/2082/1466 1164/2236/1466 1688/2234/1466
f 1688/2234/1467 1164/2236/1467 373/2080/1467 1210/2223/1467
f 1213/2235/1468 1688/2234/1468 1210/2223/1468 391/2222/1468
f 374/2228/1469 1155/2237/1469 1689/2238/1469 1211/2229/1469
f 1155/2237/1470 352/2239/1470 1215/2240/1470 1689/2238/1470
f 1689/2238/1471 1215/2240/1471 408/2241/1471 1216/2242/1471
f 1211/2229/1472 1689/2238/1472 1216/2242/1472 388/2230/1472
f 409/2243/1473 1218/2244/1473 1690/2245/1473 1217/2246/1473
f 1218/2244/1474 353/2247/1474 1158/2063/1474 1690/2245/1474
f 1690/2245/1475 1158/2063/1475 375/2082/1475 1214/2233/1475
f 1217/2246/1476 1690/2245/1476 1214/2233/1476 389/2232/1476
f 362/1994/1477 1134/2248/1477 1691/2249/1477 1219/2250/1477
f 1134/2248/1478 350/2127/1478 1189/2251/1478 1691/2249/1478
f 1691/2249/1479 1189/2251/1479 410/2252/1479 1220/2253/1479
f 1219/2250/1480 1691/2249/1480 1220/2253/1480 398/2254/1480
f 411/2255/1481 1194/2256/1481 1692/2257/1481 1221/2258/1481
f 1194/2256/1482 351/2132/1482 1135/2259/1482 1692/2257/1482
f 1692/2257/1483 1135/2259/1483 363/2260/1483 1222/2261/1483
f 1221/2258/1484 1692/2257/1484 1222/2261/1484 399/2262/1484
f 360/2263/1485 1130/1980/1485 1693/2264/1485 1223/2265/1485
f 1130/1980/1486 362/1994/1486 1219/2250/1486 1693/2264/1486
f 1693/2264/1487 1219/2250/1487 398/2254/1487 1224/2266/1487
f 1223/2265/1488 1693/2264/1488 1224/2266/1488 400/2267/1488
f 399/2262/1489 1222/2261/1489 1694/2268/1489 1225/2269/1489
f 1222/2261/1490 363/2260/1490 1131/2270/1490 1694/2268/1490
f 1694/2268/1491 1131/2270/1491 361/2271/1491 1226/2272/1491
f 1225/2269/1492 1694/2268/1492 1226/2272/1492 401/2273/1492
f 358/2274/1493 1126/2275/1493 1695/2276/1493 1227/2277/1493
f 1126/2275/1494 360/2263/1494 1223/2265/1494 1695/2276/1494
f 1695/2276/1495 1223/2265/1495 400/2267/1495 1228/2278/1495
f 1227/2277/1496 1695/2276/1496 1228/2278/1496 402/2279/1496
f 401/2273/1497 1226/2272/1497 1696/2280/1497 1229/2281/1497
f 1226/2272/1498 361/2271/1498 1127/2282/1498 1696/2280/1498
f 1696/2280/1499 1127/2282/1499 359/1959/1499 1230/2283/1499
f 1229/2281/1500 1696/2280/1500 1230/2283/1500 403/2284/1500
f 356/2285/1501 1122/1956/1501 1697/2286/1501 1231/2287/1501
f 1122/1956/1502 358/1955/1502 1227/2288/1502 1697/2286/1502
f 1697/2286/1503 1227/2288/1503 402/2289/1503 1232/2290/1503
f 1231/2287/1504 1697/2286/1504 1232/2290/1504 404/2291/1504
f 403/2292/1505 1230/2293/1505 1698/2294/1505 1233/2295/1505
f 1230/2293/1506 359/2296/1506 1123/2297/1506 1698/2294/1506
f 1698/2294/1507 1123/2297/1507 357/1949/1507 1234/2298/1507
f 1233/2295/1508 1698/2294/1508 1234/2298/1508 405/2299/1508
f 354/2300/1509 1118/1946/1509 1699/2301/1509 1235/2302/1509
f 1118/1946/1510 356/2285/1510 1231/2287/1510 1699/2301/1510
f 1699/2301/1511 1231/2287/1511 404/2291/1511 1236/2303/1511
f 1235/2302/1512 1699/2301/1512 1236/2303/1512 406/2304/1512
f 405/2299/1513 1234/2298/1513 1700/2305/1513 1237/2306/1513
f 1234/2298/1514 357/1949/1514 1119/2307/1514 1700/2305/1514
f 1700/2305/1515 1119/2307/1515 355/1941/1515 1238/2308/1515
f 1237/2306/1516 1700/2305/1516 1238/2308/1516 407/2309/1516
f 352/1935/1517 1112/2310/1517 1701/2311/1517 1215/2312/1517
f 1112/2310/1518 354/2300/1518 1235/2302/1518 1701/2311/1518
f 1701/2311/1519 1235/2302/1519 406/2304/1519 1239/2313/1519
f 1215/2312/1520 1701/2311/1520 1239/2313/1520 408/2314/1520
f 407/2309/1521 1238/2308/1521 1702/2315/1521 1240/2316/1521
f 1238/2308/1522 355/1941/1522 1115/2317/1522 1702/2315/1522
f 1702/2315/1523 1115/2317/1523 353/1937/1523 1218/2318/1523
f 1240/2316/1524 1702/2315/1524 1218/2318/1524 409/2319/1524
f 392/2320/1525 1208/2321/1525 1703/2322/1525 1241/2323/1525
f 1208/2321/1526 390/2324/1526 1242/2325/1526 1703/2322/1526
f 1703/2322/1527 1242/2325/1527 414/2326/1527 1243/2327/1527
f 1241/2323/1528 1703/2322/1528 1243/2327/1528 412/2328/1528
f 415/2329/1529 1245/2330/1529 1704/2331/1529 1244/2332/1529
f 1245/2330/1530 391/2333/1530 1209/2334/1530 1704/2331/1530
f 1704/2331/1531 1209/2334/1531 393/2335/1531 1246/2336/1531
f 1244/2332/1532 1704/2331/1532 1246/2336/1532 413/2337/1532
f 412/2328/1533 1243/2327/1533 1705/2338/1533 1247/2339/1533
f 1243/2327/1534 414/2326/1534 1248/2340/1534 1705/2338/1534
f 1705/2338/1535 1248/2340/1535 416/2341/1535 1249/2342/1535
f 1247/2339/1536 1705/2338/1536 1249/2342/1536 418/2343/1536
f 417/2344/1537 1251/2345/1537 1706/2346/1537 1250/2347/1537
f 1251/2345/1538 415/2329/1538 1244/2332/1538 1706/2346/1538
f 1706/2346/1539 1244/2332/1539 413/2337/1539 1252/2348/1539
f 1250/2347/1540 1706/2346/1540 1252/2348/1540 419/2349/1540
f 418/2343/1541 1249/2342/1541 1707/2350/1541 1253/2351/1541
f 1249/2342/1542 416/2341/1542 1254/2352/1542 1707/2350/1542
f 1707/2350/1543 1254/2352/1543 422/2353/1543 1255/2354/1543
f 1253/2351/1544 1707/2350/1544 1255/2354/1544 420/2355/1544
f 423/2356/1545 1257/2357/1545 1708/2358/1545 1256/2359/1545
f 1257/2357/1546 417/2344/1546 1250/2347/1546 1708/2358/1546
f 1708/2358/1547 1250/2347/1547 419/2349/1547 1258/2360/1547
f 1256/2359/1548 1708/2358/1548 1258/2360/1548 421/2361/1548
f 420/2362/1549 1255/2363/1549 1709/2364/1549 1259/2365/1549
f 1255/2363/1550 422/2366/1550 1260/2367/1550 1709/2364/1550
f 1709/2364/1551 1260/2367/1551 424/2368/1551 1261/2369/1551
f 1259/2365/1552 1709/2364/1552 1261/2369/1552 426/2370/1552
f 425/2371/1553 1263/2372/1553 1710/2373/1553 1262/2374/1553
f 1263/2372/1554 423/2375/1554 1256/2376/1554 1710/2373/1554
f 1710/2373/1555 1256/2376/1555 421/2377/1555 1264/2378/1555
f 1262/2374/1556 1710/2373/1556 1264/2378/1556 427/2379/1556
f 398/2254/1557 1220/2253/1557 1711/2380/1557 1265/2381/1557
f 1220/2253/1558 410/2252/1558 1266/2382/1558 1711/2380/1558
f 1711/2380/1559 1266/2382/1559 420/2383/1559 1259/2384/1559
f 1265/2381/1560 1711/2380/1560 1259/2384/1560 426/2385/1560
f 421/2361/1561 1267/2386/1561 1712/2387/1561 1264/2388/1561
f 1267/2386/1562 411/2255/1562 1221/2258/1562 1712/2387/1562
f 1712/2387/1563 1221/2258/1563 399/2262/1563 1268/2389/1563
f 1264/2388/1564 1712/2387/1564 1268/2389/1564 427/2390/1564
f 386/2391/1565 1269/2392/1565 1713/2393/1565 1191/2175/1565
f 1269/2392/1566 418/2343/1566 1253/2351/1566 1713/2393/1566
f 1713/2393/1567 1253/2351/1567 420/2355/1567 1266/2394/1567
f 1191/2175/1568 1713/2393/1568 1266/2394/1568 410/2176/1568
f 421/2361/1569 1258/2360/1569 1714/2395/1569 1267/2386/1569
f 1258/2360/1570 419/2349/1570 1270/2396/1570 1714/2395/1570
f 1714/2395/1571 1270/2396/1571 387/2397/1571 1192/2398/1571
f 1267/2386/1572 1714/2395/1572 1192/2398/1572 411/2183/1572
f 386/2174/1573 1196/2189/1573 1715/2399/1573 1269/2400/1573
f 1196/2189/1574 396/2188/1574 1271/2401/1574 1715/2399/1574
f 1715/2399/1575 1271/2401/1575 412/2328/1575 1247/2402/1575
f 1269/2400/1576 1715/2399/1576 1247/2402/1576 418/2403/1576
f 413/2404/1577 1272/2405/1577 1716/2406/1577 1252/2407/1577
f 1272/2405/1578 397/2190/1578 1197/2193/1578 1716/2406/1578
f 1716/2406/1579 1197/2193/1579 387/2177/1579 1270/2408/1579
f 1252/2407/1580 1716/2406/1580 1270/2408/1580 419/2349/1580
f 392/2409/1581 1241/2410/1581 1717/2411/1581 1204/2412/1581
f 1241/2410/1582 412/2413/1582 1271/2414/1582 1717/2411/1582
f 1717/2411/1583 1271/2414/1583 396/2188/1583 1200/2415/1583
f 1204/2412/1584 1717/2411/1584 1200/2415/1584 394/2199/1584
f 397/2416/1585 1272/2417/1585 1718/2418/1585 1201/2419/1585
f 1272/2417/1586 413/2420/1586 1246/2421/1586 1718/2418/1586
f 1718/2418/1587 1246/2421/1587 393/2422/1587 1205/2423/1587
f 1201/2419/1588 1718/2418/1588 1205/2423/1588 395/2202/1588
f 388/2230/1589 1216/2242/1589 1719/2424/1589 1212/2425/1589
f 1216/2242/1590 408/2241/1590 1273/2426/1590 1719/2424/1590
f 1719/2424/1591 1273/2426/1591 414/2427/1591 1242/2325/1591
f 1212/2425/1592 1719/2424/1592 1242/2325/1592 390/2428/1592
f 415/2429/1593 1274/2430/1593 1720/2431/1593 1245/2432/1593
f 1274/2430/1594 409/2243/1594 1217/2246/1594 1720/2431/1594
f 1720/2431/1595 1217/2246/1595 389/2232/1595 1213/2433/1595
f 1245/2432/1596 1720/2431/1596 1213/2433/1596 391/2222/1596
f 406/2434/1597 1275/2435/1597 1721/2436/1597 1239/2437/1597
f 1275/2435/1598 416/2438/1598 1248/2439/1598 1721/2436/1598
f 1721/2436/1599 1248/2439/1599 414/2427/1599 1273/2440/1599
f 1239/2437/1600 1721/2436/1600 1273/2440/1600 408/2314/1600
f 415/2441/1601 1251/2345/1601 1722/2442/1601 1274/2443/1601
f 1251/2345/1602 417/2444/1602 1276/2445/1602 1722/2442/1602
f 1722/2442/1603 1276/2445/1603 407/2446/1603 1240/2447/1603
f 1274/2443/1604 1722/2442/1604 1240/2447/1604 409/2448/1604
f 404/2291/1605 1277/2449/1605 1723/2450/1605 1236/2451/1605
f 1277/2449/1606 422/2353/1606 1254/2452/1606 1723/2450/1606
f 1723/2450/1607 1254/2452/1607 416/2438/1607 1275/2435/1607
f 1236/2451/1608 1723/2450/1608 1275/2435/1608 406/2434/1608
f 417/2444/1609 1257/2453/1609 1724/2454/1609 1276/2445/1609
f 1257/2453/1610 423/2455/1610 1278/2456/1610 1724/2454/1610
f 1724/2454/1611 1278/2456/1611 405/2457/1611 1237/2458/1611
f 1276/2445/1612 1724/2454/1612 1237/2458/1612 407/2446/1612
f 402/2279/1613 1279/2459/1613 1725/2460/1613 1232/2461/1613
f 1279/2459/1614 424/2368/1614 1260/2462/1614 1725/2460/1614
f 1725/2460/1615 1260/2462/1615 422/2353/1615 1277/2463/1615
f 1232/2461/1616 1725/2460/1616 1277/2463/1616 404/2464/1616
f 423/2375/1617 1263/2465/1617 1726/2466/1617 1278/2467/1617
f 1263/2465/1618 425/2371/1618 1280/2468/1618 1726/2466/1618
f 1726/2466/1619 1280/2468/1619 403/2469/1619 1233/2470/1619
f 1278/2467/1620 1726/2466/1620 1233/2470/1620 405/2471/1620
f 400/2472/1621 1281/2473/1621 1727/2474/1621 1228/2475/1621
f 1281/2473/1622 426/2385/1622 1261/2369/1622 1727/2474/1622
f 1727/2474/1623 1261/2369/1623 424/2368/1623 1279/2459/1623
f 1228/2475/1624 1727/2474/1624 1279/2459/1624 402/2279/1624
f 425/2371/1625 1262/2476/1625 1728/2477/1625 1280/2468/1625
f 1262/2476/1626 427/2390/1626 1282/2478/1626 1728/2477/1626
f 1728/2477/1627 1282/2478/1627 401/2479/1627 1229/2281/1627
f 1280/2468/1628 1728/2477/1628 1229/2281/1628 403/2469/1628
f 398/2480/1629 1265/2481/1629 1729/2482/1629 1224/2483/1629
f 426/2484/1630 1281/2473/1630 1729/2482/1630 1265/2481/1630
f 400/2267/1631 1224/2485/1631 1729/2482/1631 1281/2486/1631
f 401/2487/1632 1282/2488/1632 1730/2489/1632 1225/2269/1632
f 427/2490/1633 1268/2491/1633 1730/2489/1633 1282/2492/1633
f 399/2493/1634 1225/2494/1634 1730/2489/1634 1268/2491/1634
f 326/2495/1635 1105/2496/1635 1731/2497/1635 1283/2498/1635
f 1105/2496/1636 324/2499/1636 1284/2500/1636 1731/2497/1636
f 1731/2497/1637 1284/2500/1637 438/2501/1637 1285/2502/1637
f 1283/2498/1638 1731/2497/1638 1285/2502/1638 436/2503/1638
f 439/2504/1639 1287/2505/1639 1732/2506/1639 1286/2507/1639
f 1287/2505/1640 325/2508/1640 1110/1929/1640 1732/2506/1640
f 1732/2506/1641 1110/1929/1641 327/2509/1641 1288/2510/1641
f 1286/2507/1642 1732/2506/1642 1288/2510/1642 437/2511/1642
f 328/1896/1643 1099/2512/1643 1733/2513/1643 1289/2514/1643
f 1099/2512/1644 326/2495/1644 1283/2515/1644 1733/2513/1644
f 1733/2513/1645 1283/2515/1645 436/2516/1645 1290/2517/1645
f 1289/2514/1646 1733/2513/1646 1290/2517/1646 434/2518/1646
f 437/2519/1647 1288/2520/1647 1734/2521/1647 1291/2522/1647
f 1288/2520/1648 327/2509/1648 1104/2523/1648 1734/2521/1648
f 1734/2521/1649 1104/2523/1649 329/1902/1649 1292/2524/1649
f 1291/2522/1650 1734/2521/1650 1292/2524/1650 435/2525/1650
f 330/1884/1651 1093/2526/1651 1735/2527/1651 1293/2528/1651
f 1093/2526/1652 328/1896/1652 1289/2514/1652 1735/2527/1652
f 1735/2527/1653 1289/2514/1653 434/2518/1653 1294/2529/1653
f 1293/2528/1654 1735/2527/1654 1294/2529/1654 432/2530/1654
f 435/2525/1655 1292/2524/1655 1736/2531/1655 1295/2532/1655
f 1292/2524/1656 329/1902/1656 1098/2533/1656 1736/2531/1656
f 1736/2531/1657 1098/2533/1657 331/1890/1657 1296/2534/1657
f 1295/2532/1658 1736/2531/1658 1296/2534/1658 433/2535/1658
f 332/2536/1659 1087/2537/1659 1737/2538/1659 1297/2539/1659
f 1087/2537/1660 330/1884/1660 1293/2528/1660 1737/2538/1660
f 1737/2538/1661 1293/2528/1661 432/2530/1661 1298/2540/1661
f 1297/2539/1662 1737/2538/1662 1298/2540/1662 430/2541/1662
f 433/2535/1663 1296/2534/1663 1738/2542/1663 1299/2543/1663
f 1296/2534/1664 331/1890/1664 1092/2544/1664 1738/2542/1664
f 1738/2542/1665 1092/2544/1665 333/2545/1665 1300/2546/1665
f 1299/2543/1666 1738/2542/1666 1300/2546/1666 431/2547/1666
f 334/2548/1667 1081/2549/1667 1739/2550/1667 1301/2551/1667
f 1081/2549/1668 332/2536/1668 1297/2539/1668 1739/2550/1668
f 1739/2550/1669 1297/2539/1669 430/2541/1669 1302/2552/1669
f 1301/2551/1670 1739/2550/1670 1302/2552/1670 428/2553/1670
f 431/2547/1671 1300/2546/1671 1740/2554/1671 1303/2555/1671
f 1300/2546/1672 333/2545/1672 1086/2556/1672 1740/2554/1672
f 1740/2554/1673 1086/2556/1673 335/2557/1673 1304/2558/1673
f 1303/2555/1674 1740/2554/1674 1304/2558/1674 429/2559/1674
f 322/2560/1675 1074/2561/1675 1741/2562/1675 1305/2563/1675
f 1074/2561/1676 334/2548/1676 1301/2551/1676 1741/2562/1676
f 1741/2562/1677 1301/2551/1677 428/2553/1677 1306/2564/1677
f 1305/2563/1678 1741/2562/1678 1306/2564/1678 440/2565/1678
f 429/2559/1679 1304/2558/1679 1742/2566/1679 1307/2567/1679
f 1304/2558/1680 335/2557/1680 1079/2568/1680 1742/2566/1680
f 1742/2566/1681 1079/2568/1681 323/2569/1681 1308/2570/1681
f 1307/2567/1682 1742/2566/1682 1308/2570/1682 441/2571/1682
f 428/2572/1683 1309/2573/1683 1743/2574/1683 1306/2575/1683
f 1309/2573/1684 436/2516/1684 1285/2576/1684 1743/2574/1684
f 1743/2574/1685 1285/2576/1685 438/2577/1685 1310/2578/1685
f 1306/2575/1686 1743/2574/1686 1310/2578/1686 440/2565/1686
f 439/2504/1687 1286/2579/1687 1744/2580/1687 1311/2581/1687
f 1286/2579/1688 437/2582/1688 1312/2583/1688 1744/2580/1688
f 1744/2580/1689 1312/2583/1689 429/2584/1689 1307/2567/1689
f 1311/2581/1690 1744/2580/1690 1307/2567/1690 441/2585/1690
f 428/2553/1691 1302/2552/1691 1745/2586/1691 1309/2587/1691
f 1302/2552/1692 430/2541/1692 1313/2588/1692 1745/2586/1692
f 1745/2586/1693 1313/2588/1693 434/2589/1693 1290/2590/1693
f 1309/2587/1694 1745/2586/1694 1290/2590/1694 436/2591/1694
f 435/2592/1695 1314/2593/1695 1746/2594/1695 1291/2595/1695
f 1314/2593/1696 431/2547/1696 1303/2555/1696 1746/2594/1696
f 1746/2594/1697 1303/2555/1697 429/2559/1697 1312/2583/1697
f 1291/2595/1698 1746/2594/1698 1312/2583/1698 437/2519/1698
f 430/2596/1699 1298/2540/1699 1747/2597/1699 1313/2598/1699
f 432/2530/1700 1294/2599/1700 1747/2597/1700 1298/2600/1700
f 434/2601/1701 1313/2588/1701 1747/2597/1701 1294/2602/1701
f 435/2603/1702 1295/2604/1702 1748/2605/1702 1314/2606/1702
f 433/2535/1703 1299/2607/1703 1748/2605/1703 1295/2608/1703
f 431/2609/1704 1314/2610/1704 1748/2605/1704 1299/2611/1704
f 248/2612/1705 1039/2613/1705 1749/2614/1705 1315/2615/1705
f 1039/2613/1706 316/2616/1706 1149/2617/1706 1749/2614/1706
f 1749/2614/1707 1149/2617/1707 322/2560/1707 1305/2618/1707
f 1315/2615/1708 1749/2614/1708 1305/2618/1708 440/2565/1708
f 323/2569/1709 1154/2619/1709 1750/2620/1709 1308/2621/1709
f 1154/2619/1710 317/2622/1710 1040/2623/1710 1750/2620/1710
f 1750/2620/1711 1040/2623/1711 249/2624/1711 1316/2625/1711
f 1308/2621/1712 1750/2620/1712 1316/2625/1712 441/2626/1712
f 248/2612/1713 1315/2615/1713 1751/2627/1713 1059/2628/1713
f 1315/2615/1714 440/2565/1714 1310/2629/1714 1751/2627/1714
f 1751/2627/1715 1310/2629/1715 438/2630/1715 1317/2631/1715
f 1059/2628/1716 1751/2627/1716 1317/2631/1716 256/2632/1716
f 439/2633/1717 1311/2634/1717 1752/2635/1717 1318/2636/1717
f 1311/2634/1718 441/2571/1718 1316/2637/1718 1752/2635/1718
f 1752/2635/1719 1316/2637/1719 249/2624/1719 1064/2638/1719
f 1318/2636/1720 1752/2635/1720 1064/2638/1720 257/2639/1720
f 254/2017/1721 1067/2640/1721 1753/2641/1721 1143/2642/1721
f 1067/2640/1722 256/2632/1722 1317/2631/1722 1753/2641/1722
f 1753/2641/1723 1317/2631/1723 438/2577/1723 1284/2643/1723
f 1143/2642/1724 1753/2641/1724 1284/2643/1724 324/2021/1724
f 439/2644/1725 1318/2645/1725 1754/2646/1725 1287/2647/1725
f 1318/2645/1726 257/2639/1726 1070/2648/1726 1754/2646/1726
f 1754/2646/1727 1070/2648/1727 255/2031/1727 1146/2649/1727
f 1287/2647/1728 1754/2646/1728 1146/2649/1728 325/2029/1728
